ra,dec,frequency,flux,flux_err,upper_limit
2.45708,-43.28056,2.420E+23,2.796E-13,1.097E-13,
2.45708,-43.28056,4.110E+23,3.185E-13,7.423E-14,
2.45708,-43.28056,7.250E+23,2.872E-13,6.252E-14,
2.45708,-43.28056,1.210E+24,2.930E-13,7.372E-14,
2.45708,-43.28056,2.418E+24,3.320E-13,9.495E-14,
2.45708,-43.28056,4.110E+24,3.187E-13,1.174E-13,
2.45708,-43.28056,7.250E+24,2.289E-13,1.780E-13,
2.45708,-43.28056,1.210E+25,2.570E-13,0.000E+00,UL
2.45708,-43.28056,2.420E+25,4.190E-13,0.000E+00,UL
3.37,9.825,2.420E+23,2.040E-13,0.000E+00,UL
3.37,9.825,4.110E+23,1.670E-13,0.000E+00,UL
3.37,9.825,7.250E+23,2.486E-13,8.754E-14,
3.37,9.825,1.210E+24,2.992E-13,9.093E-14,
3.37,9.825,2.418E+24,2.434E-13,1.118E-13,
3.37,9.825,4.110E+24,1.137E-13,6.000E-14,
3.37,9.825,7.250E+24,9.970E-14,7.965E-14,
3.37,9.825,1.210E+25,2.570E-13,0.000E+00,UL
3.37,9.825,2.420E+25,4.190E-13,0.000E+00,UL
3.86625,35.61083,2.420E+23,1.174E-13,1.008E-13,
3.86625,35.61083,4.110E+23,1.335E-13,9.056E-14,
3.86625,35.61083,7.250E+23,1.473E-13,5.623E-14,
3.86625,35.61083,1.210E+24,1.009E-13,5.098E-14,
3.86625,35.61083,2.418E+24,1.990E-13,7.912E-14,
3.86625,35.61083,4.110E+24,2.022E-13,9.131E-14,
3.86625,35.61083,7.250E+24,3.295E-13,1.463E-13,
3.86625,35.61083,1.210E+25,4.683E-13,6.777E-14,
3.86625,35.61083,2.420E+25,4.190E-13,0.000E+00,UL
7.36917,20.8925,2.420E+23,2.040E-13,0.000E+00,UL
7.36917,20.8925,4.110E+23,1.670E-13,0.000E+00,UL
7.36917,20.8925,7.250E+23,1.440E-13,0.000E+00,UL
7.36917,20.8925,1.210E+24,6.916E-14,3.293E-14,
7.36917,20.8925,2.418E+24,2.098E-13,8.689E-14,
7.36917,20.8925,4.110E+24,3.235E-13,1.020E-13,
7.36917,20.8925,7.250E+24,4.364E-13,8.812E-14,
7.36917,20.8925,1.210E+25,3.103E-13,2.140E-13,
7.36917,20.8925,2.420E+25,4.190E-13,0.000E+00,UL
10.44583,-47.02667,2.420E+23,2.040E-13,0.000E+00,UL
10.44583,-47.02667,4.110E+23,9.900E-14,5.716E-14,
10.44583,-47.02667,7.250E+23,1.232E-13,4.593E-14,
10.44583,-47.02667,1.210E+24,1.239E-13,4.988E-14,
10.44583,-47.02667,2.418E+24,1.052E-13,6.435E-14,
10.44583,-47.02667,4.110E+24,1.640E-13,0.000E+00,UL
10.44583,-47.02667,7.250E+24,1.348E-13,9.751E-14,
10.44583,-47.02667,1.210E+25,2.570E-13,0.000E+00,UL
10.44583,-47.02667,2.420E+25,4.190E-13,0.000E+00,UL
14.56958,17.38694,2.420E+23,2.040E-13,0.000E+00,UL
14.56958,17.38694,4.110E+23,1.670E-13,0.000E+00,UL
14.56958,17.38694,7.250E+23,1.000E-13,5.895E-14,
14.56958,17.38694,1.210E+24,1.122E-13,6.420E-14,
14.56958,17.38694,2.418E+24,1.863E-13,9.497E-14,
14.56958,17.38694,4.110E+24,1.445E-13,9.782E-14,
14.56958,17.38694,7.250E+24,3.597E-13,1.718E-13,
14.56958,17.38694,1.210E+25,3.632E-13,2.332E-13,
14.56958,17.38694,2.420E+25,4.190E-13,0.000E+00,UL
15.71208,-20.03278,2.420E+23,2.040E-13,0.000E+00,UL
15.71208,-20.03278,4.110E+23,1.670E-13,0.000E+00,UL
15.71208,-20.03278,7.250E+23,1.440E-13,0.000E+00,UL
15.71208,-20.03278,1.210E+24,1.390E-13,0.000E+00,UL
15.71208,-20.03278,2.418E+24,2.127E-13,9.091E-14,
15.71208,-20.03278,4.110E+24,3.156E-13,1.286E-13,
15.71208,-20.03278,7.250E+24,4.173E-13,1.929E-13,
15.71208,-20.03278,1.210E+25,2.570E-13,0.000E+00,UL
15.71208,-20.03278,2.420E+25,4.190E-13,0.000E+00,UL
18.75708,-34.0075,2.420E+23,1.236E-13,1.016E-13,
18.75708,-34.0075,4.110E+23,1.600E-13,7.721E-14,
18.75708,-34.0075,7.250E+23,1.501E-13,5.346E-14,
18.75708,-34.0075,1.210E+24,2.126E-13,6.813E-14,
18.75708,-34.0075,2.418E+24,2.150E-13,8.215E-14,
18.75708,-34.0075,4.110E+24,2.921E-13,1.136E-13,
18.75708,-34.0075,7.250E+24,5.275E-13,1.883E-13,
18.75708,-34.0075,1.210E+25,4.969E-13,2.373E-13,
18.75708,-34.0075,2.420E+25,1.105E-12,4.967E-13,
21.73833,33.125,2.420E+23,9.474E-14,8.908E-14,
21.73833,33.125,4.110E+23,1.574E-13,7.698E-14,
21.73833,33.125,7.250E+23,1.506E-13,6.244E-14,
21.73833,33.125,1.210E+24,1.377E-13,6.733E-14,
21.73833,33.125,2.418E+24,2.118E-13,8.315E-14,
21.73833,33.125,4.110E+24,2.704E-13,1.274E-13,
21.73833,33.125,7.250E+24,3.025E-13,1.680E-13,
21.73833,33.125,1.210E+25,2.520E-13,2.114E-13,
21.73833,33.125,2.420E+25,4.190E-13,0.000E+00,UL
25.17,-7.98028,2.420E+23,1.438E-13,8.423E-14,
25.17,-7.98028,4.110E+23,2.224E-13,8.069E-14,
25.17,-7.98028,7.250E+23,3.197E-13,7.633E-14,
25.17,-7.98028,1.210E+24,3.597E-13,9.319E-14,
25.17,-7.98028,2.418E+24,4.833E-13,1.332E-13,
25.17,-7.98028,4.110E+24,5.528E-13,1.722E-13,
25.17,-7.98028,7.250E+24,5.426E-13,2.309E-13,
25.17,-7.98028,1.210E+25,3.864E-13,2.915E-13,
25.17,-7.98028,2.420E+25,4.190E-13,0.000E+00,UL
30.27542,0.56667,2.420E+23,8.791E-14,1.374E-13,
30.27542,0.56667,4.110E+23,1.044E-13,8.995E-14,
30.27542,0.56667,7.250E+23,1.235E-13,7.472E-14,
30.27542,0.56667,1.210E+24,1.140E-13,5.931E-14,
30.27542,0.56667,2.418E+24,1.912E-13,8.986E-14,
30.27542,0.56667,4.110E+24,1.517E-13,1.004E-13,
30.27542,0.56667,7.250E+24,2.439E-13,1.470E-13,
30.27542,0.56667,1.210E+25,2.715E-13,2.038E-13,
30.27542,0.56667,2.420E+25,4.190E-13,0.000E+00,UL
31.05375,-33.56111,2.420E+23,1.105E-13,9.942E-14,
31.05375,-33.56111,4.110E+23,1.124E-13,6.283E-14,
31.05375,-33.56111,7.250E+23,1.355E-13,7.358E-14,
31.05375,-33.56111,1.210E+24,1.815E-13,6.611E-14,
31.05375,-33.56111,2.418E+24,2.780E-13,9.575E-14,
31.05375,-33.56111,4.110E+24,3.570E-13,1.316E-13,
31.05375,-33.56111,7.250E+24,2.586E-13,1.447E-13,
31.05375,-33.56111,1.210E+25,2.570E-13,0.000E+00,UL
31.05375,-33.56111,2.420E+25,4.190E-13,0.000E+00,UL
33.02375,-25.96611,2.420E+23,2.178E-13,1.183E-13,
33.02375,-25.96611,4.110E+23,2.611E-13,8.260E-14,
33.02375,-25.96611,7.250E+23,2.396E-13,6.414E-14,
33.02375,-25.96611,1.210E+24,2.666E-13,7.458E-14,
33.02375,-25.96611,2.418E+24,2.679E-13,9.928E-14,
33.02375,-25.96611,4.110E+24,3.554E-13,1.340E-13,
33.02375,-25.96611,7.250E+24,4.477E-13,1.865E-13,
33.02375,-25.96611,1.210E+25,3.220E-13,8.669E-14,
33.02375,-25.96611,2.420E+25,4.190E-13,0.000E+00,UL
33.07,-2.36528,2.420E+23,1.313E-13,8.112E-14,
33.07,-2.36528,4.110E+23,2.419E-13,8.219E-14,
33.07,-2.36528,7.250E+23,1.978E-13,7.361E-14,
33.07,-2.36528,1.210E+24,2.239E-13,8.221E-14,
33.07,-2.36528,2.418E+24,3.121E-13,1.047E-13,
33.07,-2.36528,4.110E+24,2.677E-13,1.337E-13,
33.07,-2.36528,7.250E+24,2.030E-13,0.000E+00,UL
33.07,-2.36528,1.210E+25,2.570E-13,0.000E+00,UL
33.07,-2.36528,2.420E+25,4.190E-13,0.000E+00,UL
34.13333,23.24722,2.420E+23,2.530E-13,1.233E-13,
34.13333,23.24722,4.110E+23,3.834E-13,1.094E-13,
34.13333,23.24722,7.250E+23,5.065E-13,8.975E-14,
34.13333,23.24722,1.210E+24,6.426E-13,1.102E-13,
34.13333,23.24722,2.418E+24,6.162E-13,1.413E-13,
34.13333,23.24722,4.110E+24,5.394E-13,1.673E-13,
34.13333,23.24722,7.250E+24,4.597E-13,2.096E-13,
34.13333,23.24722,1.210E+25,5.061E-13,3.272E-13,
34.13333,23.24722,2.420E+25,4.190E-13,0.000E+00,UL
35.20167,-8.71389,2.420E+23,1.646E-13,1.008E-13,
35.20167,-8.71389,4.110E+23,1.604E-13,9.424E-14,
35.20167,-8.71389,7.250E+23,2.107E-13,6.953E-14,
35.20167,-8.71389,1.210E+24,2.391E-13,7.587E-14,
35.20167,-8.71389,2.418E+24,2.891E-13,1.073E-13,
35.20167,-8.71389,4.110E+24,2.190E-13,1.166E-13,
35.20167,-8.71389,7.250E+24,2.030E-13,0.000E+00,UL
35.20167,-8.71389,1.210E+25,2.241E-13,1.622E-13,
35.20167,-8.71389,2.420E+25,4.190E-13,0.000E+00,UL
38.42042,6.93639,2.420E+23,4.228E-13,1.797E-13,
38.42042,6.93639,4.110E+23,5.394E-13,1.700E-13,
38.42042,6.93639,7.250E+23,4.085E-13,1.029E-13,
38.42042,6.93639,1.210E+24,4.559E-13,1.115E-13,
38.42042,6.93639,2.418E+24,4.306E-13,1.235E-13,
38.42042,6.93639,4.110E+24,4.981E-13,1.627E-13,
38.42042,6.93639,7.250E+24,4.851E-13,1.160E-13,
38.42042,6.93639,1.210E+25,3.116E-13,2.321E-13,
38.42042,6.93639,2.420E+25,4.190E-13,0.000E+00,UL
38.6275,80.72694,2.420E+23,2.040E-13,0.000E+00,UL
38.6275,80.72694,4.110E+23,1.670E-13,0.000E+00,UL
38.6275,80.72694,7.250E+23,9.164E-14,7.513E-14,
38.6275,80.72694,1.210E+24,1.080E-13,5.661E-14,
38.6275,80.72694,2.418E+24,2.070E-13,7.631E-14,
38.6275,80.72694,4.110E+24,2.800E-13,1.090E-13,
38.6275,80.72694,7.250E+24,3.740E-13,1.800E-13,
38.6275,80.72694,1.210E+25,4.131E-13,2.089E-13,
38.6275,80.72694,2.420E+25,4.190E-13,0.000E+00,UL
45.26542,34.68361,2.420E+23,4.511E-13,1.425E-13,
45.26542,34.68361,4.110E+23,4.203E-13,1.049E-13,
45.26542,34.68361,7.250E+23,4.132E-13,6.303E-14,
45.26542,34.68361,1.210E+24,3.400E-13,9.744E-14,
45.26542,34.68361,2.418E+24,2.660E-13,9.395E-14,
45.26542,34.68361,4.110E+24,2.650E-13,1.181E-13,
45.26542,34.68361,7.250E+24,1.757E-13,8.500E-14,
45.26542,34.68361,1.210E+25,2.570E-13,0.000E+00,UL
45.26542,34.68361,2.420E+25,4.190E-13,0.000E+00,UL
45.87542,5.90833,2.420E+23,2.040E-13,0.000E+00,UL
45.87542,5.90833,4.110E+23,1.670E-13,0.000E+00,UL
45.87542,5.90833,7.250E+23,1.440E-13,0.000E+00,UL
45.87542,5.90833,1.210E+24,5.107E-14,4.114E-14,
45.87542,5.90833,2.418E+24,1.973E-13,9.792E-14,
45.87542,5.90833,4.110E+24,2.696E-13,1.235E-13,
45.87542,5.90833,7.250E+24,5.382E-13,2.500E-13,
45.87542,5.90833,1.210E+25,5.528E-13,3.100E-13,
45.87542,5.90833,2.420E+25,4.190E-13,0.000E+00,UL
46.14125,-0.90111,2.420E+23,2.800E-13,1.473E-13,
46.14125,-0.90111,4.110E+23,2.538E-13,9.502E-14,
46.14125,-0.90111,7.250E+23,2.530E-13,7.455E-14,
46.14125,-0.90111,1.210E+24,2.611E-13,8.837E-14,
46.14125,-0.90111,2.418E+24,2.936E-13,1.064E-13,
46.14125,-0.90111,4.110E+24,2.158E-13,1.253E-13,
46.14125,-0.90111,7.250E+24,4.638E-13,2.300E-13,
46.14125,-0.90111,1.210E+25,3.104E-13,2.100E-13,
46.14125,-0.90111,2.420E+25,5.227E-13,3.000E-13,
46.43375,40.58611,2.420E+23,1.301E-13,1.171E-13,
46.43375,40.58611,4.110E+23,1.470E-13,7.612E-14,
46.43375,40.58611,7.250E+23,1.047E-13,6.181E-14,
46.43375,40.58611,1.210E+24,9.245E-14,6.302E-14,
46.43375,40.58611,2.418E+24,1.031E-13,9.462E-14,
46.43375,40.58611,4.110E+24,1.640E-13,0.000E+00,UL
46.43375,40.58611,7.250E+24,2.030E-13,0.000E+00,UL
46.43375,40.58611,1.210E+25,2.570E-13,0.000E+00,UL
46.43375,40.58611,2.420E+25,4.190E-13,0.000E+00,UL
47.76333,-44.04111,2.420E+23,2.040E-13,0.000E+00,UL
47.76333,-44.04111,4.110E+23,1.227E-13,6.058E-14,
47.76333,-44.04111,7.250E+23,1.440E-13,0.000E+00,UL
47.76333,-44.04111,1.210E+24,1.390E-13,0.000E+00,UL
47.76333,-44.04111,2.418E+24,8.701E-14,4.544E-14,
47.76333,-44.04111,4.110E+24,2.006E-13,1.005E-13,
47.76333,-44.04111,7.250E+24,2.375E-13,1.468E-13,
47.76333,-44.04111,1.210E+25,2.570E-13,0.000E+00,UL
47.76333,-44.04111,2.420E+25,4.190E-13,0.000E+00,UL
48.59958,6.33222,2.420E+23,1.514E-13,1.343E-13,
48.59958,6.33222,4.110E+23,2.945E-13,1.906E-13,
48.59958,6.33222,7.250E+23,5.004E-13,1.136E-13,
48.59958,6.33222,1.210E+24,5.944E-13,1.182E-13,
48.59958,6.33222,2.418E+24,6.113E-13,1.566E-13,
48.59958,6.33222,4.110E+24,4.912E-13,1.741E-13,
48.59958,6.33222,7.250E+24,5.782E-13,2.194E-13,
48.59958,6.33222,1.210E+25,6.664E-13,2.535E-13,
48.59958,6.33222,2.420E+25,5.777E-13,5.082E-13,
50.03833,-70.75917,2.420E+23,1.392E-13,1.096E-13,
50.03833,-70.75917,4.110E+23,1.204E-13,5.975E-14,
50.03833,-70.75917,7.250E+23,1.363E-13,4.958E-14,
50.03833,-70.75917,1.210E+24,1.911E-13,6.928E-14,
50.03833,-70.75917,2.418E+24,2.767E-13,8.513E-14,
50.03833,-70.75917,4.110E+24,2.533E-13,1.122E-13,
50.03833,-70.75917,7.250E+24,2.030E-13,0.000E+00,UL
50.03833,-70.75917,1.210E+25,2.570E-13,0.000E+00,UL
50.03833,-70.75917,2.420E+25,4.190E-13,0.000E+00,UL
50.15833,11.41444,2.420E+23,2.583E-13,1.900E-13,
50.15833,11.41444,4.110E+23,1.670E-13,0.000E+00,UL
50.15833,11.41444,7.250E+23,2.669E-13,9.972E-14,
50.15833,11.41444,1.210E+24,2.321E-13,9.985E-14,
50.15833,11.41444,2.418E+24,1.718E-13,1.032E-13,
50.15833,11.41444,4.110E+24,1.640E-13,0.000E+00,UL
50.15833,11.41444,7.250E+24,2.030E-13,0.000E+00,UL
50.15833,11.41444,1.210E+25,2.570E-13,0.000E+00,UL
50.15833,11.41444,2.420E+25,4.190E-13,0.000E+00,UL
50.23458,4.41333,2.420E+23,6.715E-13,2.886E-13,
50.23458,4.41333,4.110E+23,2.576E-13,1.246E-13,
50.23458,4.41333,7.250E+23,2.233E-13,8.838E-14,
50.23458,4.41333,1.210E+24,2.086E-13,8.529E-14,
50.23458,4.41333,2.418E+24,1.276E-13,9.086E-14,
50.23458,4.41333,4.110E+24,1.640E-13,0.000E+00,UL
50.23458,4.41333,7.250E+24,2.030E-13,0.000E+00,UL
50.23458,4.41333,1.210E+25,2.570E-13,0.000E+00,UL
50.23458,4.41333,2.420E+25,4.190E-13,0.000E+00,UL
51.69708,-34.07972,2.420E+23,4.060E-13,1.411E-13,
51.69708,-34.07972,4.110E+23,4.038E-13,8.229E-14,
51.69708,-34.07972,7.250E+23,3.905E-13,7.301E-14,
51.69708,-34.07972,1.210E+24,2.710E-13,7.214E-14,
51.69708,-34.07972,2.418E+24,2.164E-13,9.307E-14,
51.69708,-34.07972,4.110E+24,2.521E-13,1.134E-13,
51.69708,-34.07972,7.250E+24,1.896E-13,1.156E-13,
51.69708,-34.07972,1.210E+25,1.634E-13,8.804E-14,
51.69708,-34.07972,2.420E+25,4.190E-13,0.000E+00,UL
52.21917,-57.26806,2.420E+23,2.040E-13,0.000E+00,UL
52.21917,-57.26806,4.110E+23,1.670E-13,0.000E+00,UL
52.21917,-57.26806,7.250E+23,1.440E-13,0.000E+00,UL
52.21917,-57.26806,1.210E+24,9.705E-14,5.798E-14,
52.21917,-57.26806,2.418E+24,2.723E-13,9.249E-14,
52.21917,-57.26806,4.110E+24,3.920E-13,1.220E-13,
52.21917,-57.26806,7.250E+24,4.127E-13,1.759E-13,
52.21917,-57.26806,1.210E+25,2.620E-13,1.997E-13,
52.21917,-57.26806,2.420E+25,4.190E-13,0.000E+00,UL
54.09875,-3.79389,2.420E+23,1.033E-13,1.376E-13,
54.09875,-3.79389,4.110E+23,1.315E-13,9.631E-14,
54.09875,-3.79389,7.250E+23,1.502E-13,6.491E-14,
54.09875,-3.79389,1.210E+24,1.140E-13,6.684E-14,
54.09875,-3.79389,2.418E+24,1.687E-13,8.522E-14,
54.09875,-3.79389,4.110E+24,2.227E-13,1.355E-13,
54.09875,-3.79389,7.250E+24,3.420E-13,1.757E-13,
54.09875,-3.79389,1.210E+25,4.892E-13,2.588E-13,
54.09875,-3.79389,2.420E+25,4.190E-13,0.000E+00,UL
54.63333,-57.08,2.420E+23,2.040E-13,0.000E+00,UL
54.63333,-57.08,4.110E+23,1.132E-13,6.750E-14,
54.63333,-57.08,7.250E+23,1.260E-13,4.762E-14,
54.63333,-57.08,1.210E+24,1.193E-13,4.985E-14,
54.63333,-57.08,2.418E+24,7.016E-14,5.544E-14,
54.63333,-57.08,4.110E+24,1.012E-13,6.744E-14,
54.63333,-57.08,7.250E+24,8.381E-14,6.770E-14,
54.63333,-57.08,1.210E+25,1.155E-13,8.200E-14,
54.63333,-57.08,2.420E+25,4.190E-13,0.000E+00,UL
59.73375,-30.91306,2.420E+23,2.721E-13,1.324E-13,
59.73375,-30.91306,4.110E+23,2.583E-13,7.570E-14,
59.73375,-30.91306,7.250E+23,2.733E-13,6.641E-14,
59.73375,-30.91306,1.210E+24,3.075E-13,7.665E-14,
59.73375,-30.91306,2.418E+24,3.283E-13,1.066E-13,
59.73375,-30.91306,4.110E+24,3.141E-13,1.353E-13,
59.73375,-30.91306,7.250E+24,3.198E-13,1.758E-13,
59.73375,-30.91306,1.210E+25,2.499E-13,1.224E-13,
59.73375,-30.91306,2.420E+25,4.190E-13,0.000E+00,UL
62.80125,-39.69528,2.420E+23,2.040E-13,0.000E+00,UL
62.80125,-39.69528,4.110E+23,1.670E-13,0.000E+00,UL
62.80125,-39.69528,7.250E+23,1.440E-13,0.000E+00,UL
62.80125,-39.69528,1.210E+24,1.134E-13,5.482E-14,
62.80125,-39.69528,2.418E+24,1.457E-13,7.021E-14,
62.80125,-39.69528,4.110E+24,1.256E-13,8.296E-14,
62.80125,-39.69528,7.250E+24,2.030E-13,0.000E+00,UL
62.80125,-39.69528,1.210E+25,2.570E-13,0.000E+00,UL
62.80125,-39.69528,2.420E+25,4.190E-13,0.000E+00,UL
63.16,-39.44139,2.420E+23,2.040E-13,0.000E+00,UL
63.16,-39.44139,4.110E+23,1.670E-13,0.000E+00,UL
63.16,-39.44139,7.250E+23,1.132E-13,5.083E-14,
63.16,-39.44139,1.210E+24,1.005E-13,5.338E-14,
63.16,-39.44139,2.418E+24,1.104E-13,6.554E-14,
63.16,-39.44139,4.110E+24,1.640E-13,0.000E+00,UL
63.16,-39.44139,7.250E+24,2.030E-13,0.000E+00,UL
63.16,-39.44139,1.210E+25,2.570E-13,0.000E+00,UL
63.16,-39.44139,2.420E+25,4.190E-13,0.000E+00,UL
67.25042,-32.61139,2.420E+23,1.668E-13,9.573E-14,
67.25042,-32.61139,4.110E+23,2.127E-13,7.469E-14,
67.25042,-32.61139,7.250E+23,2.298E-13,6.177E-14,
67.25042,-32.61139,1.210E+24,2.370E-13,7.886E-14,
67.25042,-32.61139,2.418E+24,1.706E-13,8.445E-14,
67.25042,-32.61139,4.110E+24,9.908E-14,8.000E-14,
67.25042,-32.61139,7.250E+24,2.030E-13,0.000E+00,UL
67.25042,-32.61139,1.210E+25,2.570E-13,0.000E+00,UL
67.25042,-32.61139,2.420E+25,4.190E-13,0.000E+00,UL
68.82375,-26.35611,2.420E+23,3.257E-13,1.713E-13,
68.82375,-26.35611,4.110E+23,2.090E-13,7.633E-14,
68.82375,-26.35611,7.250E+23,1.509E-13,6.128E-14,
68.82375,-26.35611,1.210E+24,1.027E-13,5.511E-14,
68.82375,-26.35611,2.418E+24,1.310E-13,7.047E-14,
68.82375,-26.35611,4.110E+24,1.178E-13,8.357E-14,
68.82375,-26.35611,7.250E+24,2.030E-13,0.000E+00,UL
68.82375,-26.35611,1.210E+25,2.570E-13,0.000E+00,UL
68.82375,-26.35611,2.420E+25,4.190E-13,0.000E+00,UL
70.36417,15.08194,2.420E+23,4.464E-13,2.868E-13,
70.36417,15.08194,4.110E+23,4.897E-13,1.892E-13,
70.36417,15.08194,7.250E+23,4.270E-13,1.224E-13,
70.36417,15.08194,1.210E+24,4.021E-13,1.189E-13,
70.36417,15.08194,2.418E+24,4.676E-13,1.352E-13,
70.36417,15.08194,4.110E+24,4.221E-13,1.525E-13,
70.36417,15.08194,7.250E+24,5.167E-13,2.110E-13,
70.36417,15.08194,1.210E+25,3.221E-13,2.239E-13,
70.36417,15.08194,2.420E+25,4.190E-13,0.000E+00,UL
70.66917,61.6775,2.420E+23,5.712E-13,2.931E-13,
70.66917,61.6775,4.110E+23,5.113E-13,1.403E-13,
70.66917,61.6775,7.250E+23,4.912E-13,9.502E-14,
70.66917,61.6775,1.210E+24,5.370E-13,1.045E-13,
70.66917,61.6775,2.418E+24,6.248E-13,1.280E-13,
70.66917,61.6775,4.110E+24,5.423E-13,1.528E-13,
70.66917,61.6775,7.250E+24,9.203E-13,2.222E-13,
70.66917,61.6775,1.210E+25,8.812E-13,2.564E-13,
70.66917,61.6775,2.420E+25,9.372E-13,4.352E-13,
70.86833,-41.86556,2.420E+23,8.857E-14,9.017E-14,
70.86833,-41.86556,4.110E+23,1.308E-13,7.573E-14,
70.86833,-41.86556,7.250E+23,1.961E-13,6.593E-14,
70.86833,-41.86556,1.210E+24,2.397E-13,6.645E-14,
70.86833,-41.86556,2.418E+24,3.413E-13,1.046E-13,
70.86833,-41.86556,4.110E+24,2.542E-13,1.219E-13,
70.86833,-41.86556,7.250E+24,2.769E-13,6.728E-14,
70.86833,-41.86556,1.210E+25,2.529E-13,1.034E-13,
70.86833,-41.86556,2.420E+25,4.190E-13,0.000E+00,UL
75.8975,-11.25167,2.420E+23,4.293E-13,1.544E-13,
75.8975,-11.25167,4.110E+23,4.803E-13,1.077E-13,
75.8975,-11.25167,7.250E+23,4.577E-13,9.108E-14,
75.8975,-11.25167,1.210E+24,4.413E-13,9.927E-14,
75.8975,-11.25167,2.418E+24,5.220E-13,1.298E-13,
75.8975,-11.25167,4.110E+24,7.049E-13,1.869E-13,
75.8975,-11.25167,7.250E+24,6.789E-13,2.244E-13,
75.8975,-11.25167,1.210E+25,7.509E-13,4.263E-14,
75.8975,-11.25167,2.420E+25,4.466E-13,4.404E-13,
76.08125,-9.94222,2.420E+23,2.369E-13,1.624E-13,
76.08125,-9.94222,4.110E+23,2.188E-13,9.542E-14,
76.08125,-9.94222,7.250E+23,1.567E-13,7.188E-14,
76.08125,-9.94222,1.210E+24,1.390E-13,0.000E+00,UL
76.08125,-9.94222,2.418E+24,1.450E-13,0.000E+00,UL
76.08125,-9.94222,4.110E+24,1.012E-13,6.831E-14,
76.08125,-9.94222,7.250E+24,1.512E-13,1.181E-13,
76.08125,-9.94222,1.210E+25,2.570E-13,0.000E+00,UL
76.08125,-9.94222,2.420E+25,4.190E-13,0.000E+00,UL
76.50667,-38.34861,2.420E+23,3.683E-13,2.442E-14,
76.50667,-38.34861,4.110E+23,3.785E-13,8.157E-14,
76.50667,-38.34861,7.250E+23,4.049E-13,5.685E-14,
76.50667,-38.34861,1.210E+24,4.091E-13,3.899E-14,
76.50667,-38.34861,2.418E+24,3.583E-13,1.204E-13,
76.50667,-38.34861,4.110E+24,2.609E-13,1.165E-13,
76.50667,-38.34861,7.250E+24,2.030E-13,0.000E+00,UL
76.50667,-38.34861,1.210E+25,2.570E-13,0.000E+00,UL
76.50667,-38.34861,2.420E+25,4.190E-13,0.000E+00,UL
76.86333,-33.77639,2.420E+23,1.989E-13,8.490E-14,
76.86333,-33.77639,4.110E+23,2.497E-13,7.478E-14,
76.86333,-33.77639,7.250E+23,2.927E-13,6.789E-14,
76.86333,-33.77639,1.210E+24,3.805E-13,8.415E-14,
76.86333,-33.77639,2.418E+24,5.332E-13,9.721E-14,
76.86333,-33.77639,4.110E+24,8.154E-13,1.383E-13,
76.86333,-33.77639,7.250E+24,8.936E-13,1.819E-13,
76.86333,-33.77639,1.210E+25,9.071E-13,2.408E-13,
76.86333,-33.77639,2.420E+25,6.657E-13,4.629E-13,
84.11167,-25.79667,2.420E+23,2.075E-13,1.081E-13,
84.11167,-25.79667,4.110E+23,2.366E-13,7.536E-14,
84.11167,-25.79667,7.250E+23,2.718E-13,6.685E-14,
84.11167,-25.79667,1.210E+24,2.561E-13,8.194E-14,
84.11167,-25.79667,2.418E+24,1.553E-13,8.938E-14,
84.11167,-25.79667,4.110E+24,1.888E-13,1.387E-13,
84.11167,-25.79667,7.250E+24,1.597E-13,1.476E-13,
84.11167,-25.79667,1.210E+25,2.482E-13,1.804E-13,
84.11167,-25.79667,2.420E+25,4.190E-13,0.000E+00,UL
84.18875,-25.97806,2.420E+23,1.144E-13,8.462E-14,
84.18875,-25.97806,4.110E+23,1.506E-13,7.036E-14,
84.18875,-25.97806,7.250E+23,2.057E-13,6.659E-14,
84.18875,-25.97806,1.210E+24,2.669E-13,8.039E-14,
84.18875,-25.97806,2.418E+24,2.008E-13,9.662E-14,
84.18875,-25.97806,4.110E+24,1.401E-13,1.114E-13,
84.18875,-25.97806,7.250E+24,4.000E-13,1.785E-13,
84.18875,-25.97806,1.210E+25,3.140E-13,2.020E-13,
84.18875,-25.97806,2.420E+25,4.190E-13,0.000E+00,UL
89.32,-6.285,2.420E+23,6.030E-13,3.010E-13,
89.32,-6.285,4.110E+23,5.073E-13,1.408E-13,
89.32,-6.285,7.250E+23,4.027E-13,1.112E-13,
89.32,-6.285,1.210E+24,4.455E-13,1.130E-13,
89.32,-6.285,2.418E+24,3.015E-13,1.154E-13,
89.32,-6.285,4.110E+24,5.442E-13,1.676E-13,
89.32,-6.285,7.250E+24,5.885E-13,2.299E-13,
89.32,-6.285,1.210E+25,6.937E-13,2.883E-13,
89.32,-6.285,2.420E+25,9.579E-13,1.384E-13,
91.80958,-25.31639,2.420E+23,2.040E-13,0.000E+00,UL
91.80958,-25.31639,4.110E+23,2.127E-13,8.819E-14,
91.80958,-25.31639,7.250E+23,3.107E-13,3.826E-14,
91.80958,-25.31639,1.210E+24,3.382E-13,8.259E-14,
91.80958,-25.31639,2.418E+24,1.903E-13,8.071E-14,
91.80958,-25.31639,4.110E+24,1.769E-13,1.001E-13,
91.80958,-25.31639,7.250E+24,9.374E-14,6.063E-14,
91.80958,-25.31639,1.210E+25,2.570E-13,0.000E+00,UL
91.80958,-25.31639,2.420E+25,4.190E-13,0.000E+00,UL
95.45667,-34.19694,2.420E+23,8.012E-13,3.528E-14,
95.45667,-34.19694,4.110E+23,6.161E-13,1.128E-13,
95.45667,-34.19694,7.250E+23,3.948E-13,1.123E-13,
95.45667,-34.19694,1.210E+24,3.115E-13,1.007E-13,
95.45667,-34.19694,2.418E+24,1.567E-13,8.979E-14,
95.45667,-34.19694,4.110E+24,1.640E-13,0.000E+00,UL
95.45667,-34.19694,7.250E+24,1.442E-13,7.206E-14,
95.45667,-34.19694,1.210E+25,2.570E-13,0.000E+00,UL
95.45667,-34.19694,2.420E+25,4.190E-13,0.000E+00,UL
96.60917,-17.17944,2.420E+23,2.629E-13,1.567E-13,
96.60917,-17.17944,4.110E+23,2.752E-13,1.122E-13,
96.60917,-17.17944,7.250E+23,2.691E-13,1.176E-13,
96.60917,-17.17944,1.210E+24,3.220E-13,9.591E-14,
96.60917,-17.17944,2.418E+24,3.677E-13,1.250E-13,
96.60917,-17.17944,4.110E+24,3.507E-13,1.648E-13,
96.60917,-17.17944,7.250E+24,2.800E-13,1.810E-13,
96.60917,-17.17944,1.210E+25,2.570E-13,0.000E+00,UL
96.60917,-17.17944,2.420E+25,4.190E-13,0.000E+00,UL
97.5625,-20.21,2.420E+23,2.040E-13,0.000E+00,UL
97.5625,-20.21,4.110E+23,1.670E-13,0.000E+00,UL
97.5625,-20.21,7.250E+23,1.440E-13,0.000E+00,UL
97.5625,-20.21,1.210E+24,1.390E-13,0.000E+00,UL
97.5625,-20.21,2.418E+24,1.450E-13,0.000E+00,UL
97.5625,-20.21,4.110E+24,1.640E-13,0.000E+00,UL
97.5625,-20.21,7.250E+24,1.511E-13,6.444E-14,
97.5625,-20.21,1.210E+25,3.404E-13,6.245E-14,
97.5625,-20.21,2.420E+25,8.079E-13,4.000E-13,
104.88708,-67.73056,2.420E+23,1.816E-13,1.442E-13,
104.88708,-67.73056,4.110E+23,1.137E-13,7.568E-14,
104.88708,-67.73056,7.250E+23,1.600E-13,6.626E-14,
104.88708,-67.73056,1.210E+24,1.421E-13,7.418E-14,
104.88708,-67.73056,2.418E+24,2.072E-13,8.157E-14,
104.88708,-67.73056,4.110E+24,1.538E-13,9.831E-14,
104.88708,-67.73056,7.250E+24,3.623E-13,1.297E-13,
104.88708,-67.73056,1.210E+25,2.703E-13,1.678E-13,
104.88708,-67.73056,2.420E+25,6.045E-13,2.574E-13,
109.4375,-55.33944,2.420E+23,2.040E-13,0.000E+00,UL
109.4375,-55.33944,4.110E+23,1.421E-13,1.236E-13,
109.4375,-55.33944,7.250E+23,3.145E-13,7.884E-14,
109.4375,-55.33944,1.210E+24,3.800E-13,8.482E-14,
109.4375,-55.33944,2.418E+24,4.693E-13,1.162E-13,
109.4375,-55.33944,4.110E+24,3.347E-13,1.277E-13,
109.4375,-55.33944,7.250E+24,2.226E-13,1.215E-13,
109.4375,-55.33944,1.210E+25,2.570E-13,0.000E+00,UL
109.4375,-55.33944,2.420E+25,4.190E-13,0.000E+00,UL
112.96958,28.07583,2.420E+23,1.505E-13,1.164E-13,
112.96958,28.07583,4.110E+23,1.923E-13,8.717E-14,
112.96958,28.07583,7.250E+23,2.328E-13,6.458E-14,
112.96958,28.07583,1.210E+24,2.016E-13,7.133E-14,
112.96958,28.07583,2.418E+24,3.325E-13,9.980E-14,
112.96958,28.07583,4.110E+24,3.307E-13,1.255E-13,
112.96958,28.07583,7.250E+24,3.346E-13,1.720E-13,
112.96958,28.07583,1.210E+25,1.307E-13,1.076E-13,
112.96958,28.07583,2.420E+25,4.190E-13,0.000E+00,UL
113.37292,35.26167,2.420E+23,2.134E-13,1.215E-13,
113.37292,35.26167,4.110E+23,2.305E-13,8.084E-14,
113.37292,35.26167,7.250E+23,1.907E-13,6.613E-14,
113.37292,35.26167,1.210E+24,8.901E-14,6.792E-14,
113.37292,35.26167,2.418E+24,1.450E-13,0.000E+00,UL
113.37292,35.26167,4.110E+24,1.640E-13,0.000E+00,UL
113.37292,35.26167,7.250E+24,2.030E-13,0.000E+00,UL
113.37292,35.26167,1.210E+25,2.570E-13,0.000E+00,UL
113.37292,35.26167,2.420E+25,4.190E-13,0.000E+00,UL
119.90042,13.35472,2.420E+23,2.255E-13,9.538E-14,
119.90042,13.35472,4.110E+23,2.823E-13,8.372E-14,
119.90042,13.35472,7.250E+23,3.902E-13,8.067E-14,
119.90042,13.35472,1.210E+24,4.416E-13,9.303E-14,
119.90042,13.35472,2.418E+24,7.038E-13,1.422E-13,
119.90042,13.35472,4.110E+24,9.224E-13,2.048E-13,
119.90042,13.35472,7.250E+24,9.326E-13,3.000E-13,
119.90042,13.35472,1.210E+25,9.795E-13,3.855E-13,
119.90042,13.35472,2.420E+25,6.233E-13,4.232E-13,
120.06458,56.18528,2.420E+23,1.541E-13,1.093E-13,
120.06458,56.18528,4.110E+23,2.216E-13,8.540E-14,
120.06458,56.18528,7.250E+23,3.310E-13,6.350E-14,
120.06458,56.18528,1.210E+24,3.793E-13,7.047E-14,
120.06458,56.18528,2.418E+24,3.932E-13,1.003E-13,
120.06458,56.18528,4.110E+24,3.299E-13,1.312E-13,
120.06458,56.18528,7.250E+24,2.537E-13,6.185E-14,
120.06458,56.18528,1.210E+25,2.570E-13,0.000E+00,UL
120.06458,56.18528,2.420E+25,4.190E-13,0.000E+00,UL
127.27,17.90417,2.420E+23,7.786E-13,2.022E-13,
127.27,17.90417,4.110E+23,6.296E-13,1.041E-13,
127.27,17.90417,7.250E+23,5.623E-13,9.311E-14,
127.27,17.90417,1.210E+24,4.636E-13,9.958E-14,
127.27,17.90417,2.418E+24,3.090E-13,1.176E-13,
127.27,17.90417,4.110E+24,1.972E-13,1.517E-13,
127.27,17.90417,7.250E+24,2.596E-13,1.494E-13,
127.27,17.90417,1.210E+25,2.185E-13,1.832E-13,
127.27,17.90417,2.420E+25,4.190E-13,0.000E+00,UL
129.3525,14.97222,2.420E+23,7.981E-14,1.018E-13,
129.3525,14.97222,4.110E+23,1.216E-13,8.914E-14,
129.3525,14.97222,7.250E+23,1.775E-13,7.336E-14,
129.3525,14.97222,1.210E+24,2.876E-13,8.954E-14,
129.3525,14.97222,2.418E+24,4.226E-13,1.132E-13,
129.3525,14.97222,4.110E+24,5.490E-13,1.627E-13,
129.3525,14.97222,7.250E+24,4.811E-13,1.909E-13,
129.3525,14.97222,1.210E+25,3.864E-13,3.026E-13,
129.3525,14.97222,2.420E+25,4.190E-13,0.000E+00,UL
134.4575,1.59167,2.420E+23,2.040E-13,0.000E+00,UL
134.4575,1.59167,4.110E+23,1.670E-13,0.000E+00,UL
134.4575,1.59167,7.250E+23,1.583E-13,7.343E-14,
134.4575,1.59167,1.210E+24,1.488E-13,6.789E-14,
134.4575,1.59167,2.418E+24,9.022E-14,7.313E-14,
134.4575,1.59167,4.110E+24,1.640E-13,0.000E+00,UL
134.4575,1.59167,7.250E+24,2.030E-13,0.000E+00,UL
134.4575,1.59167,1.210E+25,2.570E-13,0.000E+00,UL
134.4575,1.59167,2.420E+25,4.190E-13,0.000E+00,UL
137.00917,-9.99361,2.420E+23,4.234E-13,1.208E-12,
137.00917,-9.99361,4.110E+23,2.773E-13,1.195E-12,
137.00917,-9.99361,7.250E+23,1.319E-13,1.767E-13,
137.00917,-9.99361,1.210E+24,1.224E-13,7.121E-14,
137.00917,-9.99361,2.418E+24,9.325E-14,7.586E-14,
137.00917,-9.99361,4.110E+24,1.756E-13,1.104E-13,
137.00917,-9.99361,7.250E+24,2.461E-13,6.330E-14,
137.00917,-9.99361,1.210E+25,1.911E-13,1.659E-13,UL
137.00917,-9.99361,2.420E+25,4.190E-13,0.000E+00,UL
137.47167,31.10083,2.420E+23,1.481E-13,9.557E-14,
137.47167,31.10083,4.110E+23,1.528E-13,6.949E-14,
137.47167,31.10083,7.250E+23,1.782E-13,6.027E-14,
137.47167,31.10083,1.210E+24,1.910E-13,6.544E-14,
137.47167,31.10083,2.418E+24,1.347E-13,7.322E-14,
137.47167,31.10083,4.110E+24,1.702E-13,9.035E-14,
137.47167,31.10083,7.250E+24,2.213E-13,1.216E-13,
137.47167,31.10083,1.210E+25,2.174E-13,1.612E-13,
137.47167,31.10083,2.420E+25,4.190E-13,0.000E+00,UL
138.34292,81.55139,2.420E+23,2.040E-13,0.000E+00,UL
138.34292,81.55139,4.110E+23,4.304E-14,3.790E-14,
138.34292,81.55139,7.250E+23,1.440E-13,0.000E+00,UL
138.34292,81.55139,1.210E+24,1.043E-13,4.339E-14,
138.34292,81.55139,2.418E+24,1.923E-13,6.890E-14,
138.34292,81.55139,4.110E+24,2.724E-13,9.248E-14,
138.34292,81.55139,7.250E+24,4.738E-13,1.521E-13,
138.34292,81.55139,1.210E+25,3.556E-13,4.615E-14,
138.34292,81.55139,2.420E+25,4.190E-13,0.000E+00,UL
139.21625,52.64111,2.420E+23,1.343E-13,6.553E-14,
139.21625,52.64111,4.110E+23,1.645E-13,5.498E-14,
139.21625,52.64111,7.250E+23,2.011E-13,6.119E-14,
139.21625,52.64111,1.210E+24,2.184E-13,5.734E-14,
139.21625,52.64111,2.418E+24,3.219E-13,8.283E-14,
139.21625,52.64111,4.110E+24,3.898E-13,1.215E-13,
139.21625,52.64111,7.250E+24,2.595E-13,9.078E-14,
139.21625,52.64111,1.210E+25,1.927E-13,1.490E-13,
139.21625,52.64111,2.420E+25,4.190E-13,0.000E+00,UL
143.16375,10.70972,2.420E+23,2.164E-13,1.365E-13,
143.16375,10.70972,4.110E+23,2.914E-13,1.008E-13,
143.16375,10.70972,7.250E+23,3.398E-13,7.658E-14,
143.16375,10.70972,1.210E+24,3.790E-13,8.994E-14,
143.16375,10.70972,2.418E+24,4.792E-13,1.335E-13,
143.16375,10.70972,4.110E+24,4.437E-13,1.525E-13,
143.16375,10.70972,7.250E+24,3.393E-13,1.797E-13,
143.16375,10.70972,1.210E+25,2.570E-13,0.000E+00,UL
143.16375,10.70972,2.420E+25,4.190E-13,0.000E+00,UL
143.62542,-17.35583,2.420E+23,6.329E-13,1.321E-12,
143.62542,-17.35583,4.110E+23,3.051E-13,1.132E-12,
143.62542,-17.35583,7.250E+23,2.161E-13,1.188E-12,
143.62542,-17.35583,1.210E+24,1.238E-13,1.157E-13,
143.62542,-17.35583,2.418E+24,2.656E-13,1.149E-13,
143.62542,-17.35583,4.110E+24,3.611E-13,1.551E-13,
143.62542,-17.35583,7.250E+24,3.244E-13,6.231E-14,
143.62542,-17.35583,1.210E+25,5.236E-13,3.000E-13,
143.62542,-17.35583,2.420E+25,4.190E-13,0.000E+00,UL
148.10042,75.03694,2.420E+23,2.040E-13,0.000E+00,UL
148.10042,75.03694,4.110E+23,1.670E-13,0.000E+00,UL
148.10042,75.03694,7.250E+23,1.440E-13,0.000E+00,UL
148.10042,75.03694,1.210E+24,8.234E-14,5.694E-14,
148.10042,75.03694,2.418E+24,2.184E-13,6.847E-14,
148.10042,75.03694,4.110E+24,2.740E-13,8.947E-14,
148.10042,75.03694,7.250E+24,4.460E-13,1.435E-13,
148.10042,75.03694,1.210E+25,5.364E-13,2.008E-13,
148.10042,75.03694,2.420E+25,4.715E-13,2.984E-13,
148.78292,35.85,2.420E+23,2.375E-13,1.429E-13,
148.78292,35.85,4.110E+23,1.324E-13,6.030E-14,
148.78292,35.85,7.250E+23,1.400E-13,5.184E-14,
148.78292,35.85,1.210E+24,1.710E-13,5.690E-14,
148.78292,35.85,2.418E+24,1.721E-13,7.375E-14,
148.78292,35.85,4.110E+24,1.028E-13,7.200E-14,
148.78292,35.85,7.250E+24,2.030E-13,0.000E+00,UL
148.78292,35.85,1.210E+25,2.570E-13,0.000E+00,UL
148.78292,35.85,2.420E+25,4.190E-13,0.000E+00,UL
149.1175,-9.95528,2.420E+23,2.040E-13,0.000E+00,UL
149.1175,-9.95528,4.110E+23,1.670E-13,0.000E+00,UL
149.1175,-9.95528,7.250E+23,8.567E-14,7.410E-14,
149.1175,-9.95528,1.210E+24,1.269E-13,8.850E-14,
149.1175,-9.95528,2.418E+24,1.617E-13,8.581E-14,
149.1175,-9.95528,4.110E+24,2.958E-13,1.252E-13,
149.1175,-9.95528,7.250E+24,2.949E-13,1.200E-13,
149.1175,-9.95528,1.210E+25,2.570E-13,0.000E+00,UL
149.1175,-9.95528,2.420E+25,4.190E-13,0.000E+00,UL
149.7075,70.66639,2.420E+23,2.040E-13,0.000E+00,UL
149.7075,70.66639,4.110E+23,1.670E-13,0.000E+00,UL
149.7075,70.66639,7.250E+23,7.876E-14,7.424E-14,
149.7075,70.66639,1.210E+24,1.502E-13,5.381E-14,
149.7075,70.66639,2.418E+24,2.088E-13,6.760E-14,
149.7075,70.66639,4.110E+24,1.743E-13,8.805E-14,
149.7075,70.66639,7.250E+24,1.962E-13,6.804E-14,
149.7075,70.66639,1.210E+25,2.040E-13,1.380E-13,
149.7075,70.66639,2.420E+25,4.190E-13,0.000E+00,UL
155.25125,16.43167,2.420E+23,3.650E-13,2.038E-13,
155.25125,16.43167,4.110E+23,2.098E-13,7.999E-14,
155.25125,16.43167,7.250E+23,1.658E-13,6.234E-14,
155.25125,16.43167,1.210E+24,1.591E-13,6.528E-14,
155.25125,16.43167,2.418E+24,1.167E-13,7.598E-14,
155.25125,16.43167,4.110E+24,1.568E-13,1.280E-13,
155.25125,16.43167,7.250E+24,1.524E-13,1.157E-13,
155.25125,16.43167,1.210E+25,1.499E-13,1.148E-13,
155.25125,16.43167,2.420E+25,4.190E-13,0.000E+00,UL
160.76583,0.90556,2.420E+23,2.040E-13,0.000E+00,UL
160.76583,0.90556,4.110E+23,9.505E-14,8.725E-14,
160.76583,0.90556,7.250E+23,2.284E-13,8.434E-14,
160.76583,0.90556,1.210E+24,3.325E-13,9.055E-14,
160.76583,0.90556,2.418E+24,4.226E-13,1.305E-13,
160.76583,0.90556,4.110E+24,4.026E-13,1.487E-13,
160.76583,0.90556,7.250E+24,4.084E-13,1.681E-13,
160.76583,0.90556,1.210E+25,3.654E-13,2.695E-13,
160.76583,0.90556,2.420E+25,4.190E-13,0.000E+00,UL
162.24,50.1625,2.420E+23,4.358E-13,1.334E-13,
162.24,50.1625,4.110E+23,3.299E-13,6.746E-14,
162.24,50.1625,7.250E+23,2.168E-13,6.019E-14,
162.24,50.1625,1.210E+24,1.289E-13,6.544E-14,
162.24,50.1625,2.418E+24,8.426E-14,4.810E-14,
162.24,50.1625,4.110E+24,8.536E-14,5.507E-14,
162.24,50.1625,7.250E+24,1.513E-13,8.587E-14,
162.24,50.1625,1.210E+25,2.570E-13,0.000E+00,UL
162.24,50.1625,2.420E+25,4.190E-13,0.000E+00,UL
163.89292,-1.43778,2.420E+23,4.484E-13,1.896E-13,
163.89292,-1.43778,4.110E+23,4.168E-13,1.060E-13,
163.89292,-1.43778,7.250E+23,4.439E-13,9.367E-14,
163.89292,-1.43778,1.210E+24,4.210E-13,1.017E-13,
163.89292,-1.43778,2.418E+24,4.772E-13,1.326E-13,
163.89292,-1.43778,4.110E+24,6.273E-13,1.824E-13,
163.89292,-1.43778,7.250E+24,5.752E-13,2.183E-13,
163.89292,-1.43778,1.210E+25,1.055E-12,3.639E-13,
163.89292,-1.43778,2.420E+25,1.082E-12,5.953E-13,
169.32292,0.10917,2.420E+23,2.103E-13,1.404E-13,
169.32292,0.10917,4.110E+23,2.957E-13,1.137E-13,
169.32292,0.10917,7.250E+23,3.513E-13,8.805E-14,
169.32292,0.10917,1.210E+24,3.846E-13,9.332E-14,
169.32292,0.10917,2.418E+24,3.383E-13,1.307E-13,
169.32292,0.10917,4.110E+24,2.328E-13,1.378E-13,
169.32292,0.10917,7.250E+24,2.030E-13,0.000E+00,UL
169.32292,0.10917,1.210E+25,2.570E-13,0.000E+00,UL
169.32292,0.10917,2.420E+25,4.190E-13,0.000E+00,UL
170.825,-32.53833,2.420E+23,2.040E-13,0.000E+00,UL
170.825,-32.53833,4.110E+23,1.670E-13,0.000E+00,UL
170.825,-32.53833,7.250E+23,1.699E-13,5.213E-14,
170.825,-32.53833,1.210E+24,2.365E-13,7.663E-14,
170.825,-32.53833,2.418E+24,2.745E-13,9.745E-14,
170.825,-32.53833,4.110E+24,2.262E-13,1.150E-13,
170.825,-32.53833,7.250E+24,2.030E-13,0.000E+00,UL
170.825,-32.53833,1.210E+25,2.570E-13,0.000E+00,UL
170.825,-32.53833,2.420E+25,4.190E-13,0.000E+00,UL
171.54958,-20.62333,2.420E+23,2.392E-13,1.857E-13,
171.54958,-20.62333,4.110E+23,2.171E-13,1.067E-13,
171.54958,-20.62333,7.250E+23,2.380E-13,8.255E-14,
171.54958,-20.62333,1.210E+24,2.113E-13,9.069E-14,
171.54958,-20.62333,2.418E+24,2.346E-13,1.080E-13,
171.54958,-20.62333,4.110E+24,1.627E-13,1.290E-13,
171.54958,-20.62333,7.250E+24,2.030E-13,0.000E+00,UL
171.54958,-20.62333,1.210E+25,2.570E-13,0.000E+00,UL
171.54958,-20.62333,2.420E+25,4.190E-13,0.000E+00,UL
172.69208,-31.63528,2.420E+23,2.040E-13,0.000E+00,UL
172.69208,-31.63528,4.110E+23,1.670E-13,0.000E+00,UL
172.69208,-31.63528,7.250E+23,1.440E-13,0.000E+00,UL
172.69208,-31.63528,1.210E+24,7.829E-14,5.802E-14,
172.69208,-31.63528,2.418E+24,1.371E-13,7.798E-14,
172.69208,-31.63528,4.110E+24,2.015E-13,1.089E-13,
172.69208,-31.63528,7.250E+24,2.622E-13,1.522E-13,
172.69208,-31.63528,1.210E+25,4.285E-13,2.319E-13,
172.69208,-31.63528,2.420E+25,6.845E-13,2.939E-13,
172.77167,-9.735,2.420E+23,2.040E-13,0.000E+00,UL
172.77167,-9.735,4.110E+23,9.599E-14,5.813E-14,
172.77167,-9.735,7.250E+23,2.595E-13,7.430E-14,
172.77167,-9.735,1.210E+24,3.163E-13,8.431E-14,
172.77167,-9.735,2.418E+24,4.611E-13,1.264E-13,
172.77167,-9.735,4.110E+24,4.773E-13,1.604E-13,
172.77167,-9.735,7.250E+24,6.027E-13,2.334E-13,
172.77167,-9.735,1.210E+25,7.433E-13,3.344E-13,
172.77167,-9.735,2.420E+25,5.990E-13,3.031E-13,
173.68625,-17.48361,2.420E+23,8.810E-14,6.280E-14,
173.68625,-17.48361,4.110E+23,1.991E-13,8.547E-14,
173.68625,-17.48361,7.250E+23,1.735E-13,7.378E-14,
173.68625,-17.48361,1.210E+24,2.022E-13,7.832E-14,
173.68625,-17.48361,2.418E+24,2.548E-13,1.162E-13,
173.68625,-17.48361,4.110E+24,5.068E-13,1.426E-13,
173.68625,-17.48361,7.250E+24,6.029E-13,2.385E-13,
173.68625,-17.48361,1.210E+25,4.184E-13,7.928E-14,
173.68625,-17.48361,2.420E+25,4.190E-13,0.000E+00,UL
174.48167,-17.17833,2.420E+23,1.766E-13,1.164E-13,
174.48167,-17.17833,4.110E+23,2.753E-13,1.036E-13,
174.48167,-17.17833,7.250E+23,4.334E-13,9.043E-14,
174.48167,-17.17833,1.210E+24,5.972E-13,1.081E-13,
174.48167,-17.17833,2.418E+24,6.825E-13,1.568E-13,
174.48167,-17.17833,4.110E+24,7.152E-13,2.093E-13,
174.48167,-17.17833,7.250E+24,8.881E-13,2.776E-13,
174.48167,-17.17833,1.210E+25,7.350E-13,3.072E-13,
174.48167,-17.17833,2.420E+25,4.352E-13,3.935E-13,
182.99417,22.70917,2.420E+23,2.040E-13,0.000E+00,UL
182.99417,22.70917,4.110E+23,1.351E-13,7.979E-14,
182.99417,22.70917,7.250E+23,2.344E-13,6.742E-14,
182.99417,22.70917,1.210E+24,2.566E-13,7.634E-14,
182.99417,22.70917,2.418E+24,2.359E-13,1.051E-13,
182.99417,22.70917,4.110E+24,1.134E-13,1.016E-13,
182.99417,22.70917,7.250E+24,2.030E-13,0.000E+00,UL
182.99417,22.70917,1.210E+25,2.570E-13,0.000E+00,UL
182.99417,22.70917,2.420E+25,4.190E-13,0.000E+00,UL
183.79542,7.53444,2.420E+23,1.988E-13,1.222E-13,
183.79542,7.53444,4.110E+23,2.765E-13,9.516E-14,
183.79542,7.53444,7.250E+23,3.428E-13,7.777E-14,
183.79542,7.53444,1.210E+24,4.072E-13,9.054E-14,
183.79542,7.53444,2.418E+24,4.503E-13,1.235E-13,
183.79542,7.53444,4.110E+24,5.558E-13,1.622E-13,
183.79542,7.53444,7.250E+24,6.155E-13,2.103E-13,
183.79542,7.53444,1.210E+25,6.381E-13,3.100E-13,
183.79542,7.53444,2.420E+25,5.940E-13,4.623E-13,
184.01333,-2.71778,2.420E+23,2.040E-13,0.000E+00,UL
184.01333,-2.71778,4.110E+23,1.670E-13,0.000E+00,UL
184.01333,-2.71778,7.250E+23,2.682E-13,8.867E-14,
184.01333,-2.71778,1.210E+24,2.961E-13,8.744E-14,
184.01333,-2.71778,2.418E+24,3.153E-13,1.040E-13,
184.01333,-2.71778,4.110E+24,4.170E-13,1.403E-13,
184.01333,-2.71778,7.250E+24,3.697E-13,1.876E-13,
184.01333,-2.71778,1.210E+25,2.119E-13,5.260E-14,
184.01333,-2.71778,2.420E+25,4.190E-13,0.000E+00,UL
190.4225,34.675,2.420E+23,2.242E-13,1.401E-13,
190.4225,34.675,4.110E+23,1.732E-13,6.520E-14,
190.4225,34.675,7.250E+23,2.081E-13,7.118E-14,
190.4225,34.675,1.210E+24,2.450E-13,6.805E-14,
190.4225,34.675,2.418E+24,2.479E-13,1.019E-13,
190.4225,34.675,4.110E+24,1.641E-13,1.500E-13,
190.4225,34.675,7.250E+24,2.030E-13,0.000E+00,UL
190.4225,34.675,1.210E+25,2.570E-13,0.000E+00,UL
190.4225,34.675,2.420E+25,4.190E-13,0.000E+00,UL
192.56458,31.93306,2.420E+23,1.245E-14,7.439E-15,
192.56458,31.93306,4.110E+23,3.598E-14,2.152E-14,
192.56458,31.93306,7.250E+23,6.664E-14,5.456E-14,
192.56458,31.93306,1.210E+24,1.141E-13,5.469E-14,
192.56458,31.93306,2.418E+24,8.092E-14,6.276E-14,
192.56458,31.93306,4.110E+24,1.592E-13,8.689E-14,
192.56458,31.93306,7.250E+24,1.608E-13,1.063E-13,
192.56458,31.93306,1.210E+25,2.814E-13,2.000E-13,
192.56458,31.93306,2.420E+25,4.190E-13,0.000E+00,UL
193.42167,-39.53306,2.420E+23,2.040E-13,0.000E+00,UL
193.42167,-39.53306,4.110E+23,1.670E-13,0.000E+00,UL
193.42167,-39.53306,7.250E+23,1.942E-13,7.378E-14,
193.42167,-39.53306,1.210E+24,2.604E-13,8.391E-14,
193.42167,-39.53306,2.418E+24,4.153E-13,1.149E-13,
193.42167,-39.53306,4.110E+24,3.725E-13,1.274E-13,
193.42167,-39.53306,7.250E+24,4.469E-13,8.467E-14,
193.42167,-39.53306,1.210E+25,2.987E-13,2.369E-13,
193.42167,-39.53306,2.420E+25,4.190E-13,0.000E+00,UL
194.7,-4.79583,2.420E+23,2.471E-13,3.012E-14,
194.7,-4.79583,4.110E+23,3.470E-13,4.877E-14,
194.7,-4.79583,7.250E+23,4.198E-13,1.015E-13,
194.7,-4.79583,1.210E+24,5.183E-13,1.000E-13,
194.7,-4.79583,2.418E+24,5.401E-13,1.462E-13,
194.7,-4.79583,4.110E+24,4.409E-13,1.684E-13,
194.7,-4.79583,7.250E+24,1.269E-13,0.000E+00,UL
194.7,-4.79583,1.210E+25,2.570E-13,0.000E+00,UL
194.7,-4.79583,2.420E+25,4.190E-13,0.000E+00,UL
195.44,40.94,2.420E+23,2.508E-13,1.041E-13,
195.44,40.94,4.110E+23,2.750E-13,6.922E-14,
195.44,40.94,7.250E+23,3.138E-13,6.153E-14,
195.44,40.94,1.210E+24,3.023E-13,6.898E-14,
195.44,40.94,2.418E+24,2.277E-13,8.385E-14,
195.44,40.94,4.110E+24,3.317E-13,1.158E-13,
195.44,40.94,7.250E+24,2.413E-13,1.237E-13,
195.44,40.94,1.210E+25,1.368E-13,1.047E-13,
195.44,40.94,2.420E+25,4.190E-13,0.000E+00,UL
196.80542,-3.74194,2.420E+23,2.040E-13,0.000E+00,UL
196.80542,-3.74194,4.110E+23,1.670E-13,0.000E+00,UL
196.80542,-3.74194,7.250E+23,1.376E-13,9.666E-14,
196.80542,-3.74194,1.210E+24,1.033E-13,5.336E-14,
196.80542,-3.74194,2.418E+24,2.462E-13,9.802E-14,
196.80542,-3.74194,4.110E+24,2.377E-13,1.293E-13,
196.80542,-3.74194,7.250E+24,1.613E-13,1.488E-13,
196.80542,-3.74194,1.210E+25,2.570E-13,0.000E+00,UL
196.80542,-3.74194,2.420E+25,4.190E-13,0.000E+00,UL
201.42417,-2.46944,2.420E+23,1.073E-13,1.006E-13,
201.42417,-2.46944,4.110E+23,1.444E-13,8.482E-14,
201.42417,-2.46944,7.250E+23,2.272E-13,7.358E-14,
201.42417,-2.46944,1.210E+24,2.112E-13,7.320E-14,
201.42417,-2.46944,2.418E+24,2.019E-13,9.352E-14,
201.42417,-2.46944,4.110E+24,1.640E-13,0.000E+00,UL
201.42417,-2.46944,7.250E+24,2.030E-13,0.000E+00,UL
201.42417,-2.46944,1.210E+25,2.570E-13,0.000E+00,UL
201.42417,-2.46944,2.420E+25,4.190E-13,0.000E+00,UL
201.57375,12.49944,2.420E+23,2.040E-13,0.000E+00,UL
201.57375,12.49944,4.110E+23,1.345E-13,9.055E-14,
201.57375,12.49944,7.250E+23,1.873E-13,6.561E-14,
201.57375,12.49944,1.210E+24,2.435E-13,7.671E-14,
201.57375,12.49944,2.418E+24,3.120E-13,1.196E-13,
201.57375,12.49944,4.110E+24,2.574E-13,1.354E-13,
201.57375,12.49944,7.250E+24,1.810E-13,4.719E-14,
201.57375,12.49944,1.210E+25,2.570E-13,0.000E+00,UL
201.57375,12.49944,2.420E+25,4.190E-13,0.000E+00,UL
202.13958,11.75556,2.420E+23,2.689E-13,1.607E-13,
202.13958,11.75556,4.110E+23,2.055E-13,7.949E-14,
202.13958,11.75556,7.250E+23,1.574E-13,6.921E-14,
202.13958,11.75556,1.210E+24,2.426E-13,7.883E-14,
202.13958,11.75556,2.418E+24,2.867E-13,1.061E-13,
202.13958,11.75556,4.110E+24,3.669E-13,1.405E-13,
202.13958,11.75556,7.250E+24,2.745E-13,1.747E-13,
202.13958,11.75556,1.210E+25,1.490E-13,6.307E-14,
202.13958,11.75556,2.420E+25,4.190E-13,0.000E+00,UL
204.05042,23.33278,2.420E+23,1.937E-13,1.210E-13,
204.05042,23.33278,4.110E+23,2.566E-13,8.975E-14,
204.05042,23.33278,7.250E+23,3.521E-13,7.654E-14,
204.05042,23.33278,1.210E+24,4.063E-13,8.283E-14,
204.05042,23.33278,2.418E+24,3.872E-13,1.177E-13,
204.05042,23.33278,4.110E+24,1.805E-13,8.251E-14,
204.05042,23.33278,7.250E+24,2.030E-13,0.000E+00,UL
204.05042,23.33278,1.210E+25,2.570E-13,0.000E+00,UL
204.05042,23.33278,2.420E+25,4.190E-13,0.000E+00,UL
208.36667,56.01556,2.420E+23,4.141E-13,1.332E-13,
208.36667,56.01556,4.110E+23,3.302E-13,6.793E-14,
208.36667,56.01556,7.250E+23,2.255E-13,6.027E-14,
208.36667,56.01556,1.210E+24,2.442E-13,6.444E-14,
208.36667,56.01556,2.418E+24,1.590E-13,6.635E-14,
208.36667,56.01556,4.110E+24,1.831E-13,8.402E-14,
208.36667,56.01556,7.250E+24,2.261E-13,1.171E-13,
208.36667,56.01556,1.210E+25,1.522E-13,1.100E-13,
208.36667,56.01556,2.420E+25,4.190E-13,0.000E+00,UL
211.625,-39.58583,2.420E+23,2.040E-13,0.000E+00,UL
211.625,-39.58583,4.110E+23,1.670E-13,0.000E+00,UL
211.625,-39.58583,7.250E+23,9.146E-14,7.380E-14,
211.625,-39.58583,1.210E+24,1.154E-13,5.884E-14,
211.625,-39.58583,2.418E+24,3.380E-13,1.062E-13,
211.625,-39.58583,4.110E+24,5.165E-13,1.480E-13,
211.625,-39.58583,7.250E+24,7.602E-13,1.563E-13,
211.625,-39.58583,1.210E+25,6.205E-13,2.630E-13,
211.625,-39.58583,2.420E+25,4.604E-13,2.500E-13,
218.42792,-73.07722,2.420E+23,2.040E-13,0.000E+00,UL
218.42792,-73.07722,4.110E+23,1.670E-13,0.000E+00,UL
218.42792,-73.07722,7.250E+23,1.440E-13,0.000E+00,UL
218.42792,-73.07722,1.210E+24,1.390E-13,0.000E+00,UL
218.42792,-73.07722,2.418E+24,7.971E-14,4.361E-14,
218.42792,-73.07722,4.110E+24,2.060E-13,9.333E-14,
218.42792,-73.07722,7.250E+24,3.909E-13,1.077E-13,
218.42792,-73.07722,1.210E+25,4.052E-13,2.116E-13,
218.42792,-73.07722,2.420E+25,4.190E-13,0.000E+00,UL
219.60625,12.07167,2.420E+23,1.500E-13,1.182E-13,
219.60625,12.07167,4.110E+23,1.706E-13,8.596E-14,
219.60625,12.07167,7.250E+23,1.997E-13,6.544E-14,
219.60625,12.07167,1.210E+24,1.425E-13,6.792E-14,
219.60625,12.07167,2.418E+24,1.436E-13,8.044E-14,
219.60625,12.07167,4.110E+24,1.743E-13,1.181E-13,
219.60625,12.07167,7.250E+24,1.650E-13,1.158E-13,
219.60625,12.07167,1.210E+25,2.570E-13,0.000E+00,UL
219.60625,12.07167,2.420E+25,4.190E-13,0.000E+00,UL
220.65167,-46.38361,2.420E+23,8.080E-13,2.453E-13,
220.65167,-46.38361,4.110E+23,7.176E-13,1.297E-13,
220.65167,-46.38361,7.250E+23,6.678E-13,1.012E-13,
220.65167,-46.38361,1.210E+24,5.642E-13,1.071E-13,
220.65167,-46.38361,2.418E+24,6.458E-13,1.473E-13,
220.65167,-46.38361,4.110E+24,8.200E-13,1.934E-13,
220.65167,-46.38361,7.250E+24,7.320E-13,2.319E-13,
220.65167,-46.38361,1.210E+25,5.486E-13,2.970E-13,
223.93167,-76.01444,2.420E+23,9.937E-14,7.810E-14,
223.93167,-76.01444,4.110E+23,1.452E-13,8.942E-14,
223.93167,-76.01444,7.250E+23,1.976E-13,6.906E-14,
223.93167,-76.01444,1.210E+24,2.655E-13,9.740E-14,
223.93167,-76.01444,2.418E+24,4.045E-13,1.015E-13,
223.93167,-76.01444,4.110E+24,4.152E-13,1.287E-13,
223.93167,-76.01444,7.250E+24,2.978E-13,9.044E-14,
223.93167,-76.01444,1.210E+25,1.958E-13,8.151E-14,
223.93167,-76.01444,2.420E+25,4.190E-13,0.000E+00,UL
224.015,50.80722,2.420E+23,2.419E-13,1.389E-13,
224.015,50.80722,4.110E+23,2.099E-13,7.684E-14,
224.015,50.80722,7.250E+23,1.968E-13,5.910E-14,
224.015,50.80722,1.210E+24,1.279E-13,6.202E-14,
224.015,50.80722,2.418E+24,9.826E-14,6.079E-14,
224.015,50.80722,4.110E+24,1.791E-13,8.967E-14,
224.015,50.80722,7.250E+24,1.153E-13,7.204E-14,
224.015,50.80722,1.210E+25,8.305E-14,4.328E-14,
224.015,50.80722,2.420E+25,4.190E-13,0.000E+00,UL
226.65458,-5.66778,2.420E+23,1.152E-13,9.000E-14,
226.65458,-5.66778,4.110E+23,1.794E-13,1.178E-13,
226.65458,-5.66778,7.250E+23,1.884E-13,8.269E-14,
226.65458,-5.66778,1.210E+24,2.881E-13,9.097E-14,
226.65458,-5.66778,2.418E+24,2.861E-13,1.025E-13,
226.65458,-5.66778,4.110E+24,3.431E-13,1.356E-13,
226.65458,-5.66778,7.250E+24,5.079E-13,2.184E-13,
226.65458,-5.66778,1.210E+25,4.020E-13,2.206E-13,
226.65458,-5.66778,2.420E+25,4.190E-13,0.000E+00,UL
227.67125,33.58444,2.420E+23,3.295E-13,1.875E-13,
227.67125,33.58444,4.110E+23,1.169E-13,7.597E-14,
227.67125,33.58444,7.250E+23,1.440E-13,0.000E+00,UL
227.67125,33.58444,1.210E+24,1.390E-13,0.000E+00,UL
227.67125,33.58444,2.418E+24,1.162E-13,6.443E-14,
227.67125,33.58444,4.110E+24,1.755E-13,9.059E-14,
227.67125,33.58444,7.250E+24,2.838E-13,7.987E-14,
227.67125,33.58444,1.210E+25,2.775E-13,2.131E-13,
227.67125,33.58444,2.420E+25,4.190E-13,0.000E+00,UL
227.90375,-16.89056,2.420E+23,2.040E-13,0.000E+00,UL
227.90375,-16.89056,4.110E+23,1.078E-13,9.536E-14,
227.90375,-16.89056,7.250E+23,1.440E-13,0.000E+00,UL
227.90375,-16.89056,1.210E+24,1.390E-13,0.000E+00,UL
227.90375,-16.89056,2.418E+24,1.450E-13,0.000E+00,UL
227.90375,-16.89056,4.110E+24,1.093E-13,8.314E-14,
227.90375,-16.89056,7.250E+24,2.030E-13,0.000E+00,UL
227.90375,-16.89056,1.210E+25,2.570E-13,0.000E+00,UL
227.90375,-16.89056,2.420E+25,4.190E-13,0.000E+00,UL
229.07792,-15.39556,2.420E+23,2.581E-13,1.869E-13,
229.07792,-15.39556,4.110E+23,2.175E-13,1.063E-13,
229.07792,-15.39556,7.250E+23,2.041E-13,1.122E-13,
229.07792,-15.39556,1.210E+24,2.735E-13,9.512E-14,
229.07792,-15.39556,2.418E+24,2.310E-13,1.029E-13,
229.07792,-15.39556,4.110E+24,1.654E-13,1.103E-13,
229.07792,-15.39556,7.250E+24,1.688E-13,1.256E-13,
229.07792,-15.39556,1.210E+25,2.570E-13,0.000E+00,UL
229.07792,-15.39556,2.420E+25,4.190E-13,0.000E+00,UL
229.61083,7.87278,2.420E+23,2.040E-13,0.000E+00,UL
229.61083,7.87278,4.110E+23,1.670E-13,0.000E+00,UL
229.61083,7.87278,7.250E+23,1.440E-13,0.000E+00,UL
229.61083,7.87278,1.210E+24,1.888E-13,8.346E-14,
229.61083,7.87278,2.418E+24,3.021E-13,9.735E-14,
229.61083,7.87278,4.110E+24,2.800E-13,1.246E-13,
229.61083,7.87278,7.250E+24,2.030E-13,0.000E+00,UL
229.61083,7.87278,1.210E+25,2.570E-13,0.000E+00,UL
229.61083,7.87278,2.420E+25,4.190E-13,0.000E+00,UL
229.69042,6.23222,2.420E+23,2.040E-13,0.000E+00,UL
229.69042,6.23222,4.110E+23,2.104E-13,1.068E-13,
229.69042,6.23222,7.250E+23,2.211E-13,7.685E-14,
229.69042,6.23222,1.210E+24,1.643E-13,6.868E-14,
229.69042,6.23222,2.418E+24,2.059E-13,9.189E-14,
229.69042,6.23222,4.110E+24,1.140E-13,9.762E-14,
229.69042,6.23222,7.250E+24,1.217E-13,9.163E-14,
229.69042,6.23222,1.210E+25,3.406E-13,2.062E-13,
229.69042,6.23222,2.420E+25,4.190E-13,0.000E+00,UL
231.69417,-15.50722,2.420E+23,3.677E-13,1.768E-13,
231.69417,-15.50722,4.110E+23,3.541E-13,1.101E-13,
231.69417,-15.50722,7.250E+23,3.783E-13,9.007E-14,
231.69417,-15.50722,1.210E+24,3.744E-13,9.614E-14,
231.69417,-15.50722,2.418E+24,3.658E-13,1.130E-13,
231.69417,-15.50722,4.110E+24,4.342E-13,1.497E-13,
231.69417,-15.50722,7.250E+24,3.153E-13,1.741E-13,
231.69417,-15.50722,1.210E+25,2.237E-13,1.485E-13,
231.69417,-15.50722,2.420E+25,4.190E-13,0.000E+00,UL
232.30625,38.20472,2.420E+23,1.341E-13,1.246E-13,
232.30625,38.20472,4.110E+23,1.263E-13,6.613E-14,
232.30625,38.20472,7.250E+23,1.379E-13,5.164E-14,
232.30625,38.20472,1.210E+24,2.488E-13,6.927E-14,
232.30625,38.20472,2.418E+24,3.081E-13,9.650E-14,
232.30625,38.20472,4.110E+24,2.325E-13,1.291E-13,
232.30625,38.20472,7.250E+24,2.030E-13,0.000E+00,UL
232.30625,38.20472,1.210E+25,2.570E-13,0.000E+00,UL
232.30625,38.20472,2.420E+25,4.190E-13,0.000E+00,UL
235.5125,-29.2525,2.420E+23,5.039E-13,1.698E-13,
235.5125,-29.2525,4.110E+23,6.178E-13,1.254E-13,
235.5125,-29.2525,7.250E+23,6.750E-13,1.031E-13,
235.5125,-29.2525,1.210E+24,6.722E-13,1.144E-13,
235.5125,-29.2525,2.418E+24,7.589E-13,1.660E-13,
235.5125,-29.2525,4.110E+24,7.925E-13,1.822E-13,
235.5125,-29.2525,7.250E+24,1.025E-12,2.582E-13,
235.5125,-29.2525,1.210E+25,8.824E-13,3.348E-13,
235.5125,-29.2525,2.420E+25,4.965E-13,8.511E-14,
236.60417,-28.95639,2.420E+23,2.040E-13,0.000E+00,UL
236.60417,-28.95639,4.110E+23,1.320E-13,8.873E-14,
236.60417,-28.95639,7.250E+23,2.106E-13,8.388E-14,
236.60417,-28.95639,1.210E+24,2.144E-13,1.006E-13,
236.60417,-28.95639,2.418E+24,1.366E-13,1.028E-13,
236.60417,-28.95639,4.110E+24,1.768E-13,1.094E-13,
236.60417,-28.95639,7.250E+24,2.209E-13,1.380E-13,
236.60417,-28.95639,1.210E+25,2.570E-13,0.000E+00,UL
236.60417,-28.95639,2.420E+25,4.190E-13,0.000E+00,UL
237.72167,-8.37944,2.420E+23,2.681E-13,2.141E-13,
237.72167,-8.37944,4.110E+23,2.762E-13,1.278E-13,
237.72167,-8.37944,7.250E+23,2.668E-13,1.027E-13,
237.72167,-8.37944,1.210E+24,3.255E-13,9.878E-14,
237.72167,-8.37944,2.418E+24,4.755E-13,1.262E-13,
237.72167,-8.37944,4.110E+24,6.262E-13,1.763E-13,
237.72167,-8.37944,7.250E+24,5.166E-13,2.144E-13,
237.72167,-8.37944,1.210E+25,3.027E-13,2.273E-13,
237.72167,-8.37944,2.420E+25,4.190E-13,0.000E+00,UL
238.63542,-12.22361,2.420E+23,9.319E-14,8.357E-14,
238.63542,-12.22361,4.110E+23,1.670E-13,1.374E-13,
238.63542,-12.22361,7.250E+23,2.823E-13,1.095E-13,
238.63542,-12.22361,1.210E+24,4.300E-13,1.096E-13,
238.63542,-12.22361,2.418E+24,5.130E-13,1.441E-13,
238.63542,-12.22361,4.110E+24,3.318E-13,1.667E-13,
238.63542,-12.22361,7.250E+24,2.768E-13,2.092E-13,
238.63542,-12.22361,1.210E+25,2.570E-13,0.000E+00,UL
238.63542,-12.22361,2.420E+25,4.190E-13,0.000E+00,UL
240.575,30.8525,2.420E+23,1.252E-13,9.492E-14,
240.575,30.8525,4.110E+23,1.489E-13,6.992E-14,
240.575,30.8525,7.250E+23,1.852E-13,5.821E-14,
240.575,30.8525,1.210E+24,2.232E-13,6.337E-14,
240.575,30.8525,2.418E+24,2.178E-13,7.975E-14,
240.575,30.8525,4.110E+24,1.783E-13,1.035E-13,
240.575,30.8525,7.250E+24,9.198E-14,7.858E-14,
240.575,30.8525,1.210E+25,2.570E-13,0.000E+00,UL
240.575,30.8525,2.420E+25,4.190E-13,0.000E+00,UL
241.32917,54.34972,2.420E+23,1.323E-13,7.583E-14,
241.32917,54.34972,4.110E+23,1.918E-13,6.348E-14,
241.32917,54.34972,7.250E+23,2.559E-13,1.408E-14,
241.32917,54.34972,1.210E+24,3.257E-13,6.457E-14,
241.32917,54.34972,2.418E+24,3.606E-13,9.954E-14,
241.32917,54.34972,4.110E+24,2.725E-13,5.888E-14,
241.32917,54.34972,7.250E+24,1.008E-13,2.000E-14,
241.32917,54.34972,1.210E+25,2.570E-13,0.000E+00,UL
241.32917,54.34972,2.420E+25,4.190E-13,0.000E+00,UL
241.57667,13.75889,2.420E+23,3.302E-13,2.565E-13,
241.57667,13.75889,4.110E+23,2.436E-13,9.612E-14,
241.57667,13.75889,7.250E+23,1.919E-13,6.962E-14,
241.57667,13.75889,1.210E+24,1.609E-13,6.760E-14,
241.57667,13.75889,2.418E+24,1.450E-13,0.000E+00,UL
241.57667,13.75889,4.110E+24,1.457E-13,1.296E-13,
241.57667,13.75889,7.250E+24,2.030E-13,0.000E+00,UL
241.57667,13.75889,1.210E+25,2.570E-13,0.000E+00,UL
241.57667,13.75889,2.420E+25,4.190E-13,0.000E+00,UL
243.36292,-19.14333,2.420E+23,3.099E-13,2.274E-13,
243.36292,-19.14333,4.110E+23,3.696E-13,1.657E-13,
243.36292,-19.14333,7.250E+23,4.694E-13,1.330E-13,
243.36292,-19.14333,1.210E+24,4.347E-13,1.152E-13,
243.36292,-19.14333,2.418E+24,3.820E-13,1.004E-13,
243.36292,-19.14333,4.110E+24,2.857E-13,1.778E-13,
243.36292,-19.14333,7.250E+24,2.595E-13,1.868E-13,
243.36292,-19.14333,1.210E+25,2.570E-13,0.000E+00,UL
243.36292,-19.14333,2.420E+25,4.190E-13,0.000E+00,UL
245.31333,-0.52778,2.420E+23,2.040E-13,0.000E+00,UL
245.31333,-0.52778,4.110E+23,1.670E-13,0.000E+00,UL
245.31333,-0.52778,7.250E+23,1.372E-13,8.677E-14,
245.31333,-0.52778,1.210E+24,2.103E-13,9.005E-14,
245.31333,-0.52778,2.418E+24,3.378E-13,1.157E-13,
245.31333,-0.52778,4.110E+24,2.643E-13,1.295E-13,
245.31333,-0.52778,7.250E+24,1.645E-13,1.384E-13,
245.31333,-0.52778,1.210E+25,2.570E-13,0.000E+00,UL
245.31333,-0.52778,2.420E+25,4.190E-13,0.000E+00,UL
245.87708,8.95667,2.420E+23,2.040E-13,0.000E+00,UL
245.87708,8.95667,4.110E+23,1.344E-13,8.391E-14,
245.87708,8.95667,7.250E+23,1.319E-13,8.357E-14,
245.87708,8.95667,1.210E+24,1.413E-13,1.055E-13,
245.87708,8.95667,2.418E+24,3.966E-13,1.167E-13,
245.87708,8.95667,4.110E+24,4.958E-13,1.592E-13,
245.87708,8.95667,7.250E+24,3.136E-13,1.319E-13,
245.87708,8.95667,1.210E+25,2.570E-13,0.000E+00,UL
245.87708,8.95667,2.420E+25,4.190E-13,0.000E+00,UL
246.69167,63.01333,2.420E+23,2.040E-13,0.000E+00,UL
246.69167,63.01333,4.110E+23,2.001E-13,5.760E-14,
246.69167,63.01333,7.250E+23,1.684E-13,4.754E-14,
246.69167,63.01333,1.210E+24,1.634E-13,5.321E-14,
246.69167,63.01333,2.418E+24,2.279E-13,7.037E-14,
246.69167,63.01333,4.110E+24,3.342E-13,4.532E-14,
246.69167,63.01333,7.250E+24,2.906E-13,1.332E-13,
246.69167,63.01333,1.210E+25,2.302E-13,1.549E-13,
246.69167,63.01333,2.420E+25,4.190E-13,0.000E+00,UL
250.58458,22.19528,2.420E+23,3.646E-13,1.996E-13,
250.58458,22.19528,4.110E+23,2.504E-13,8.712E-14,
250.58458,22.19528,7.250E+23,2.237E-13,6.950E-14,
250.58458,22.19528,1.210E+24,1.799E-13,7.181E-14,
250.58458,22.19528,2.418E+24,2.028E-13,8.275E-14,
250.58458,22.19528,4.110E+24,2.843E-13,1.089E-13,
250.58458,22.19528,7.250E+24,2.172E-13,1.319E-13,
250.58458,22.19528,1.210E+25,2.570E-13,0.000E+00,UL
250.58458,22.19528,2.420E+25,4.190E-13,0.000E+00,UL
251.08333,45.77889,2.420E+23,1.443E-13,1.022E-13,
251.08333,45.77889,4.110E+23,1.104E-13,5.285E-14,
251.08333,45.77889,7.250E+23,1.231E-13,5.218E-14,
251.08333,45.77889,1.210E+24,1.469E-13,7.057E-14,
251.08333,45.77889,2.418E+24,2.448E-13,7.508E-14,
251.08333,45.77889,4.110E+24,3.005E-13,1.128E-13,
251.08333,45.77889,7.250E+24,1.468E-13,1.002E-13,
251.08333,45.77889,1.210E+25,2.395E-13,4.562E-14,
251.08333,45.77889,2.420E+25,4.190E-13,0.000E+00,UL
253.82458,-22.67917,2.420E+23,1.172E-13,6.624E-14,
253.82458,-22.67917,4.110E+23,1.893E-13,9.823E-14,
253.82458,-22.67917,7.250E+23,1.934E-13,1.027E-13,
253.82458,-22.67917,1.210E+24,1.478E-13,9.870E-14,
253.82458,-22.67917,2.418E+24,1.450E-13,0.000E+00,UL
253.82458,-22.67917,4.110E+24,1.938E-13,1.193E-13,
253.82458,-22.67917,7.250E+24,4.194E-13,1.740E-13,
253.82458,-22.67917,1.210E+25,6.427E-13,1.320E-13,
253.82458,-22.67917,2.420E+25,4.190E-13,0.000E+00,UL
257.78583,2.73444,2.420E+23,2.040E-13,0.000E+00,UL
257.78583,2.73444,4.110E+23,1.670E-13,0.000E+00,UL
257.78583,2.73444,7.250E+23,2.329E-13,8.380E-14,
257.78583,2.73444,1.210E+24,2.656E-13,6.627E-14,
257.78583,2.73444,2.418E+24,2.928E-13,1.157E-13,
257.78583,2.73444,4.110E+24,2.062E-13,1.217E-13,
257.78583,2.73444,7.250E+24,1.400E-13,5.193E-14,
257.78583,2.73444,1.210E+25,2.570E-13,0.000E+00,UL
257.78583,2.73444,2.420E+25,4.190E-13,0.000E+00,UL
266.0825,18.87167,2.420E+23,2.040E-13,0.000E+00,UL
266.0825,18.87167,4.110E+23,1.670E-13,0.000E+00,UL
266.0825,18.87167,7.250E+23,1.426E-13,7.670E-14,
266.0825,18.87167,1.210E+24,1.912E-13,7.418E-14,
266.0825,18.87167,2.418E+24,2.314E-13,1.020E-13,
266.0825,18.87167,4.110E+24,2.113E-13,1.349E-13,
266.0825,18.87167,7.250E+24,2.283E-13,1.648E-13,
266.0825,18.87167,1.210E+25,4.499E-13,2.601E-13,
266.0825,18.87167,2.420E+25,4.190E-13,0.000E+00,UL
266.76042,49.63361,2.420E+23,1.268E-13,7.158E-14,
266.76042,49.63361,4.110E+23,1.530E-13,6.810E-14,
266.76042,49.63361,7.250E+23,1.766E-13,5.693E-14,
266.76042,49.63361,1.210E+24,1.899E-13,6.105E-14,
266.76042,49.63361,2.418E+24,1.390E-13,7.624E-14,
266.76042,49.63361,4.110E+24,2.294E-13,9.731E-14,
266.76042,49.63361,7.250E+24,1.914E-13,1.164E-13,
266.76042,49.63361,1.210E+25,2.570E-13,0.000E+00,UL
266.76042,49.63361,2.420E+25,4.190E-13,0.000E+00,UL
282.09375,65.61583,2.420E+23,2.040E-13,0.000E+00,UL
282.09375,65.61583,4.110E+23,1.670E-13,0.000E+00,UL
282.09375,65.61583,7.250E+23,1.211E-13,4.934E-14,
282.09375,65.61583,1.210E+24,1.926E-13,5.672E-14,
282.09375,65.61583,2.418E+24,2.580E-13,7.688E-14,
282.09375,65.61583,4.110E+24,3.068E-13,9.936E-14,
282.09375,65.61583,7.250E+24,4.686E-13,1.523E-13,
282.09375,65.61583,1.210E+25,4.495E-13,1.997E-13,
282.09375,65.61583,2.420E+25,4.190E-13,0.000E+00,UL
282.6,26.53139,2.420E+23,2.674E-13,1.402E-13,
282.6,26.53139,4.110E+23,3.537E-13,8.395E-14,
282.6,26.53139,7.250E+23,3.424E-13,1.013E-13,
282.6,26.53139,1.210E+24,3.312E-13,9.286E-14,
282.6,26.53139,2.418E+24,4.303E-13,1.157E-13,
282.6,26.53139,4.110E+24,5.322E-13,1.547E-13,
282.6,26.53139,7.250E+24,5.604E-13,1.876E-13,
282.6,26.53139,2.420E+25,8.287E-13,4.602E-13,
284.55583,43.41417,2.420E+23,1.925E-13,1.296E-13,
284.55583,43.41417,4.110E+23,2.518E-13,9.653E-14,
284.55583,43.41417,7.250E+23,2.455E-13,6.603E-14,
284.55583,43.41417,1.210E+24,3.150E-13,7.566E-14,
284.55583,43.41417,2.418E+24,2.865E-13,8.997E-14,
284.55583,43.41417,4.110E+24,2.645E-13,1.083E-13,
284.55583,43.41417,7.250E+24,2.851E-13,1.868E-13,
284.55583,43.41417,1.210E+25,2.570E-13,0.000E+00,UL
284.55583,43.41417,2.420E+25,4.190E-13,0.000E+00,UL
293.55292,-24.32222,2.420E+23,2.040E-13,0.000E+00,UL
293.55292,-24.32222,4.110E+23,1.132E-13,7.729E-14,
293.55292,-24.32222,7.250E+23,2.415E-13,9.695E-14,
293.55292,-24.32222,1.210E+24,4.488E-13,9.733E-14,
293.55292,-24.32222,2.418E+24,5.167E-13,1.271E-13,
293.55292,-24.32222,4.110E+24,5.192E-13,1.709E-13,
293.55292,-24.32222,7.250E+24,5.630E-13,2.071E-13,
293.55292,-24.32222,1.210E+25,5.188E-13,2.473E-13,
293.55292,-24.32222,2.420E+25,4.190E-13,0.000E+00,UL
295.98417,21.30611,2.420E+23,2.040E-13,0.000E+00,UL
295.98417,21.30611,4.110E+23,1.670E-13,0.000E+00,UL
295.98417,21.30611,7.250E+23,2.149E-13,6.382E-14,
295.98417,21.30611,1.210E+24,5.612E-13,1.606E-13,
295.98417,21.30611,2.418E+24,1.388E-12,2.500E-13,
295.98417,21.30611,4.110E+24,2.069E-12,3.206E-13,
295.98417,21.30611,7.250E+24,2.775E-12,3.100E-13,
295.98417,21.30611,1.210E+25,3.153E-12,1.015E-16,
295.98417,21.30611,2.420E+25,2.448E-12,1.400E-13,
300.51708,-57.6125,2.420E+23,3.917E-13,1.429E-13,
300.51708,-57.6125,4.110E+23,4.067E-13,8.977E-14,
300.51708,-57.6125,7.250E+23,4.167E-13,7.615E-14,
300.51708,-57.6125,1.210E+24,4.921E-13,8.878E-14,
300.51708,-57.6125,2.418E+24,5.845E-13,1.228E-13,
300.51708,-57.6125,4.110E+24,5.035E-13,1.585E-13,
300.51708,-57.6125,7.250E+24,2.579E-13,1.353E-13,
300.51708,-57.6125,1.210E+25,2.570E-13,0.000E+00,UL
300.51708,-57.6125,2.420E+25,4.190E-13,0.000E+00,UL
303.00375,-77.20528,2.420E+23,1.403E-13,1.888E-13,
303.00375,-77.20528,4.110E+23,1.568E-13,1.154E-13,
303.00375,-77.20528,7.250E+23,1.166E-13,7.481E-14,
303.00375,-77.20528,1.210E+24,1.390E-13,0.000E+00,UL
303.00375,-77.20528,2.418E+24,6.982E-14,3.870E-14,
303.00375,-77.20528,4.110E+24,1.186E-13,6.845E-14,
303.00375,-77.20528,7.250E+24,2.030E-13,0.000E+00,UL
303.00375,-77.20528,1.210E+25,2.570E-13,0.000E+00,UL
303.00375,-77.20528,2.420E+25,4.190E-13,0.000E+00,UL
313.17708,8.17778,2.420E+23,2.040E-13,0.000E+00,UL
313.17708,8.17778,4.110E+23,1.670E-13,0.000E+00,UL
313.17708,8.17778,7.250E+23,1.440E-13,0.000E+00,UL
313.17708,8.17778,1.210E+24,1.390E-13,0.000E+00,UL
313.17708,8.17778,2.418E+24,2.085E-13,9.832E-14,
313.17708,8.17778,4.110E+24,3.265E-13,1.341E-13,
313.17708,8.17778,7.250E+24,3.355E-13,1.602E-13,
313.17708,8.17778,1.210E+25,2.570E-13,0.000E+00,UL
313.17708,8.17778,2.420E+25,4.190E-13,0.000E+00,UL
326.38875,-4.5775,2.420E+23,6.956E-13,2.507E-13,
326.38875,-4.5775,4.110E+23,2.091E-13,1.004E-13,
326.38875,-4.5775,7.250E+23,1.440E-13,0.000E+00,UL
326.38875,-4.5775,1.210E+24,1.390E-13,0.000E+00,UL
326.38875,-4.5775,2.418E+24,1.450E-13,0.000E+00,UL
326.38875,-4.5775,4.110E+24,1.640E-13,0.000E+00,UL
326.38875,-4.5775,7.250E+24,2.030E-13,0.000E+00,UL
326.38875,-4.5775,1.210E+25,2.570E-13,0.000E+00,UL
326.38875,-4.5775,2.420E+25,4.190E-13,0.000E+00,UL
328.05875,-12.09472,2.420E+23,6.349E-13,2.562E-13,
328.05875,-12.09472,4.110E+23,4.382E-13,1.122E-13,
328.05875,-12.09472,7.250E+23,4.159E-13,9.091E-14,
328.05875,-12.09472,1.210E+24,4.580E-13,1.007E-13,
328.05875,-12.09472,2.418E+24,4.915E-13,1.298E-13,
328.05875,-12.09472,4.110E+24,3.729E-13,1.649E-13,
328.05875,-12.09472,7.250E+24,2.030E-13,0.000E+00,UL
328.05875,-12.09472,1.210E+25,2.570E-13,0.000E+00,UL
328.05875,-12.09472,2.420E+25,4.190E-13,0.000E+00,UL
330.28042,-59.11111,2.420E+23,1.509E-13,3.848E-14,
330.28042,-59.11111,4.110E+23,2.119E-13,4.839E-14,
330.28042,-59.11111,7.250E+23,2.235E-13,1.805E-14,
330.28042,-59.11111,1.210E+24,1.987E-13,7.117E-14,
330.28042,-59.11111,2.418E+24,8.620E-14,7.186E-14,
330.28042,-59.11111,4.110E+24,1.640E-13,0.000E+00,UL
330.28042,-59.11111,7.250E+24,2.030E-13,0.000E+00,UL
330.28042,-59.11111,1.210E+25,2.570E-13,0.000E+00,UL
330.28042,-59.11111,2.420E+25,4.190E-13,0.000E+00,UL
330.4825,-17.11667,2.420E+23,2.040E-13,0.000E+00,UL
330.4825,-17.11667,4.110E+23,1.670E-13,0.000E+00,UL
330.4825,-17.11667,7.250E+23,1.440E-13,0.000E+00,UL
330.4825,-17.11667,1.210E+24,1.390E-13,0.000E+00,UL
330.4825,-17.11667,2.418E+24,7.052E-14,6.014E-14,
330.4825,-17.11667,4.110E+24,1.032E-13,7.809E-14,
330.4825,-17.11667,7.250E+24,2.634E-13,1.597E-13,
330.4825,-17.11667,1.210E+25,3.673E-13,2.135E-13,
330.4825,-17.11667,2.420E+25,4.190E-13,0.000E+00,UL
332.62333,36.36639,2.420E+23,1.737E-13,1.613E-13,
332.62333,36.36639,4.110E+23,1.854E-13,1.124E-13,
332.62333,36.36639,7.250E+23,1.150E-13,6.717E-14,
332.62333,36.36639,1.210E+24,1.048E-13,7.711E-14,
332.62333,36.36639,2.418E+24,1.450E-13,0.000E+00,UL
332.62333,36.36639,4.110E+24,1.640E-13,0.000E+00,UL
332.62333,36.36639,7.250E+24,9.644E-14,6.923E-14,
332.62333,36.36639,1.210E+25,2.570E-13,0.000E+00,UL
332.62333,36.36639,2.420E+25,4.190E-13,0.000E+00,UL
332.78458,-0.05056,2.420E+23,1.971E-13,1.389E-13,
332.78458,-0.05056,4.110E+23,2.259E-13,9.816E-14,
332.78458,-0.05056,7.250E+23,2.691E-13,8.277E-14,
332.78458,-0.05056,1.210E+24,3.675E-13,9.752E-14,
332.78458,-0.05056,2.418E+24,4.100E-13,1.257E-13,
332.78458,-0.05056,4.110E+24,4.841E-13,1.787E-13,
332.78458,-0.05056,7.250E+24,4.838E-13,2.296E-13,
332.78458,-0.05056,1.210E+25,3.448E-13,2.644E-13,
332.78458,-0.05056,2.420E+25,4.190E-13,0.000E+00,UL
338.25458,13.60028,2.420E+23,2.040E-13,0.000E+00,UL
338.25458,13.60028,4.110E+23,1.670E-13,0.000E+00,UL
338.25458,13.60028,7.250E+23,1.440E-13,0.000E+00,UL
338.25458,13.60028,1.210E+24,1.461E-13,7.065E-14,
338.25458,13.60028,2.418E+24,9.649E-14,8.108E-14,
338.25458,13.60028,4.110E+24,1.653E-13,1.221E-13,UL
338.25458,13.60028,7.250E+24,2.058E-13,1.621E-13,
338.25458,13.60028,1.210E+25,2.486E-13,1.823E-13,
338.25458,13.60028,2.420E+25,4.190E-13,0.000E+00,UL
339.10958,37.12028,2.420E+23,1.501E-13,1.231E-13,
339.10958,37.12028,4.110E+23,1.789E-13,9.372E-14,
339.10958,37.12028,7.250E+23,1.917E-13,7.296E-14,
339.10958,37.12028,1.210E+24,1.598E-13,7.135E-14,
339.10958,37.12028,2.418E+24,2.201E-13,9.063E-14,
339.10958,37.12028,4.110E+24,3.055E-13,1.456E-13,
339.10958,37.12028,7.250E+24,3.988E-13,1.671E-13,
339.10958,37.12028,1.210E+25,3.593E-13,2.226E-13,
339.10958,37.12028,2.420E+25,4.190E-13,0.000E+00,UL
342.29458,-13.00056,2.420E+23,8.789E-12,4.869E-13,
342.29458,-13.00056,4.110E+23,6.335E-12,2.444E-13,
342.29458,-13.00056,7.250E+23,4.417E-12,2.389E-13,
342.29458,-13.00056,1.210E+24,2.961E-12,2.626E-13,
342.29458,-13.00056,2.418E+24,1.760E-12,2.932E-13,
342.29458,-13.00056,4.110E+24,1.293E-12,3.150E-13,
342.29458,-13.00056,7.250E+24,1.010E-12,1.000E-13,
342.29458,-13.00056,1.210E+25,9.292E-13,1.905E-14,
342.29458,-13.00056,2.420E+25,6.958E-13,2.880E-13,
342.94792,-32.10333,2.420E+23,3.341E-13,1.843E-13,
342.94792,-32.10333,4.110E+23,2.673E-13,8.079E-14,
342.94792,-32.10333,7.250E+23,2.239E-13,6.232E-14,
342.94792,-32.10333,1.210E+24,2.006E-13,6.393E-14,
342.94792,-32.10333,2.418E+24,1.426E-13,7.861E-14,
342.94792,-32.10333,4.110E+24,1.804E-13,9.664E-14,
342.94792,-32.10333,7.250E+24,2.370E-13,9.133E-14,
342.94792,-32.10333,1.210E+25,3.442E-13,2.012E-13,
342.94792,-32.10333,2.420E+25,4.190E-13,0.000E+00,UL
344.05542,-33.06056,2.420E+23,2.934E-13,1.693E-13,
344.05542,-33.06056,4.110E+23,2.021E-13,7.335E-14,
344.05542,-33.06056,7.250E+23,1.858E-13,6.168E-14,
344.05542,-33.06056,1.210E+24,1.258E-13,5.893E-14,
344.05542,-33.06056,2.418E+24,7.528E-14,6.574E-14,
344.05542,-33.06056,4.110E+24,1.640E-13,0.000E+00,UL
344.05542,-33.06056,7.250E+24,2.030E-13,0.000E+00,UL
344.05542,-33.06056,1.210E+25,2.570E-13,0.000E+00,UL
344.05542,-33.06056,2.420E+25,4.190E-13,0.000E+00,UL
346.64583,-11.06333,2.420E+23,1.952E-13,1.612E-13,
346.64583,-11.06333,4.110E+23,1.568E-13,8.027E-14,
346.64583,-11.06333,7.250E+23,1.563E-13,6.965E-14,
346.64583,-11.06333,1.210E+24,1.584E-13,6.864E-14,
346.64583,-11.06333,2.418E+24,2.139E-13,9.003E-14,
346.64583,-11.06333,4.110E+24,1.718E-13,1.075E-13,
346.64583,-11.06333,7.250E+24,2.826E-13,6.979E-14,
346.64583,-11.06333,1.210E+25,2.910E-13,2.205E-13,
346.64583,-11.06333,2.420E+25,4.190E-13,0.000E+00,UL
350.16583,-63.155,2.420E+23,1.048E-13,8.071E-14,
350.16583,-63.155,4.110E+23,1.462E-13,6.639E-14,
350.16583,-63.155,7.250E+23,2.042E-13,5.482E-14,
350.16583,-63.155,1.210E+24,2.366E-13,6.120E-14,
350.16583,-63.155,2.418E+24,2.078E-13,7.590E-14,
350.16583,-63.155,4.110E+24,1.200E-13,7.885E-14,
350.16583,-63.155,7.250E+24,1.617E-13,3.574E-14,
350.16583,-63.155,1.210E+25,2.570E-13,0.000E+00,UL
350.16583,-63.155,2.420E+25,4.190E-13,0.000E+00,UL
352.80375,-3.025,2.420E+23,2.076E-13,1.396E-13,
352.80375,-3.025,4.110E+23,2.828E-13,1.129E-13,
352.80375,-3.025,7.250E+23,2.769E-13,8.589E-14,
352.80375,-3.025,1.210E+24,3.090E-13,1.012E-13,
352.80375,-3.025,2.418E+24,4.038E-13,1.228E-13,
352.80375,-3.025,4.110E+24,3.173E-13,1.354E-13,
352.80375,-3.025,7.250E+24,2.713E-13,1.808E-13,
352.80375,-3.025,1.210E+25,2.570E-13,0.000E+00,UL
352.80375,-3.025,2.420E+25,4.190E-13,0.000E+00,UL
358.3375,-14.9825,2.420E+23,2.040E-13,0.000E+00,UL
358.3375,-14.9825,4.110E+23,1.670E-13,0.000E+00,UL
358.3375,-14.9825,7.250E+23,1.352E-13,6.537E-14,
358.3375,-14.9825,1.210E+24,1.700E-13,7.413E-14,
358.3375,-14.9825,2.418E+24,2.255E-13,9.804E-14,
358.3375,-14.9825,4.110E+24,2.233E-13,1.059E-13,
358.3375,-14.9825,7.250E+24,2.123E-13,1.000E-13,
358.3375,-14.9825,2.420E+25,4.190E-13,0.000E+00,UL
